STRUCTURE,STRUCTURE_ID,STRUCTURE_NAME,freq,Time frequency,unit,Unit of measure,facility,Health facility,hlthcare,Health care,geo,Geopolitical entity (reporting),TIME_PERIOD,Time,OBS_VALUE,Observation value,OBS_FLAG,Observation status (Flag) V2 structure,CONF_STATUS,Confidentiality status (flag)
dataflow,ESTAT:HLTH_RS_BDS1(1.0),Hospital beds by function and type of care,A,Annual,P_HTHAB,Per hundred thousand inhabitants,HBEDT,Available beds in hospitals (HP.1),TOTAL,Total,AT,Austria,2015,,735.29,,,,,
dataflow,ESTAT:HLTH_RS_BDS1(1.0),Hospital beds by function and type of care,A,Annual,P_HTHAB,Per hundred thousand inhabitants,HBEDT,Available beds in hospitals (HP.1),TOTAL,Total,AT,Austria,2016,,731.91,,,,,
dataflow,ESTAT:HLTH_RS_BDS1(1.0),Hospital beds by function and type of care,A,Annual,P_HTHAB,Per hundred thousand inhabitants,HBEDT,Available beds in hospitals (HP.1),TOTAL,Total,AT,Austria,2017,,731.53,,,,,
dataflow,ESTAT:HLTH_RS_BDS1(1.0),Hospital beds by function and type of care,A,Annual,P_HTHAB,Per hundred thousand inhabitants,HBEDT,Available beds in hospitals (HP.1),TOTAL,Total,AT,Austria,2018,,725.66,,,,,
dataflow,ESTAT:HLTH_RS_BDS1(1.0),Hospital beds by function and type of care,A,Annual,P_HTHAB,Per hundred thousand inhabitants,HBEDT,Available beds in hospitals (HP.1),TOTAL,Total,AT,Austria,2019,,718.90,,,,,
dataflow,ESTAT:HLTH_RS_BDS1(1.0),Hospital beds by function and type of care,A,Annual,P_HTHAB,Per hundred thousand inhabitants,HBEDT,Available beds in hospitals (HP.1),TOTAL,Total,AT,Austria,2020,,705.10,,,,,
dataflow,ESTAT:HLTH_RS_BDS1(1.0),Hospital beds by function and type of care,A,Annual,P_HTHAB,Per hundred thousand inhabitants,HBEDT,Available beds in hospitals (HP.1),TOTAL,Total,AT,Austria,2021,,691.47,,,,,
dataflow,ESTAT:HLTH_RS_BDS1(1.0),Hospital beds by function and type of care,A,Annual,P_HTHAB,Per hundred thousand inhabitants,HBEDT,Available beds in hospitals (HP.1),TOTAL,Total,AT,Austria,2022,,671.75,,,,,
dataflow,ESTAT:HLTH_RS_BDS1(1.0),Hospital beds by function and type of care,A,Annual,P_HTHAB,Per hundred thousand inhabitants,HBEDT,Available beds in hospitals (HP.1),TOTAL,Total,AT,Austria,2023,,660.40,,,,,
dataflow,ESTAT:HLTH_RS_BDS1(1.0),Hospital beds by function and type of care,A,Annual,P_HTHAB,Per hundred thousand inhabitants,HBEDT,Available beds in hospitals (HP.1),TOTAL,Total,BE,Belgium,2015,,573.99,,,,,
dataflow,ESTAT:HLTH_RS_BDS1(1.0),Hospital beds by function and type of care,A,Annual,P_HTHAB,Per hundred thousand inhabitants,HBEDT,Available beds in hospitals (HP.1),TOTAL,Total,BE,Belgium,2016,,570.15,,,,,
dataflow,ESTAT:HLTH_RS_BDS1(1.0),Hospital beds by function and type of care,A,Annual,P_HTHAB,Per hundred thousand inhabitants,HBEDT,Available beds in hospitals (HP.1),TOTAL,Total,BE,Belgium,2017,,562.38,,,,,
dataflow,ESTAT:HLTH_RS_BDS1(1.0),Hospital beds by function and type of care,A,Annual,P_HTHAB,Per hundred thousand inhabitants,HBEDT,Available beds in hospitals (HP.1),TOTAL,Total,BE,Belgium,2018,,560.85,,,,,
dataflow,ESTAT:HLTH_RS_BDS1(1.0),Hospital beds by function and type of care,A,Annual,P_HTHAB,Per hundred thousand inhabitants,HBEDT,Available beds in hospitals (HP.1),TOTAL,Total,BE,Belgium,2019,,556.72,,bd,"break in time series, definition differs (see metadata)",,
dataflow,ESTAT:HLTH_RS_BDS1(1.0),Hospital beds by function and type of care,A,Annual,P_HTHAB,Per hundred thousand inhabitants,HBEDT,Available beds in hospitals (HP.1),TOTAL,Total,BE,Belgium,2020,,553.33,,d,definition differs (see metadata),,
dataflow,ESTAT:HLTH_RS_BDS1(1.0),Hospital beds by function and type of care,A,Annual,P_HTHAB,Per hundred thousand inhabitants,HBEDT,Available beds in hospitals (HP.1),TOTAL,Total,BE,Belgium,2021,,549.22,,d,definition differs (see metadata),,
dataflow,ESTAT:HLTH_RS_BDS1(1.0),Hospital beds by function and type of care,A,Annual,P_HTHAB,Per hundred thousand inhabitants,HBEDT,Available beds in hospitals (HP.1),TOTAL,Total,BE,Belgium,2022,,544.27,,d,definition differs (see metadata),,
dataflow,ESTAT:HLTH_RS_BDS1(1.0),Hospital beds by function and type of care,A,Annual,P_HTHAB,Per hundred thousand inhabitants,HBEDT,Available beds in hospitals (HP.1),TOTAL,Total,BE,Belgium,2023,,539.11,,d,definition differs (see metadata),,
dataflow,ESTAT:HLTH_RS_BDS1(1.0),Hospital beds by function and type of care,A,Annual,P_HTHAB,Per hundred thousand inhabitants,HBEDT,Available beds in hospitals (HP.1),TOTAL,Total,BE,Belgium,2024,,537.73,,d,definition differs (see metadata),,
dataflow,ESTAT:HLTH_RS_BDS1(1.0),Hospital beds by function and type of care,A,Annual,P_HTHAB,Per hundred thousand inhabitants,HBEDT,Available beds in hospitals (HP.1),TOTAL,Total,BG,Bulgaria,2015,,779.29,,,,,
dataflow,ESTAT:HLTH_RS_BDS1(1.0),Hospital beds by function and type of care,A,Annual,P_HTHAB,Per hundred thousand inhabitants,HBEDT,Available beds in hospitals (HP.1),TOTAL,Total,BG,Bulgaria,2016,,777.53,,,,,
dataflow,ESTAT:HLTH_RS_BDS1(1.0),Hospital beds by function and type of care,A,Annual,P_HTHAB,Per hundred thousand inhabitants,HBEDT,Available beds in hospitals (HP.1),TOTAL,Total,BG,Bulgaria,2017,,791.46,,,,,
dataflow,ESTAT:HLTH_RS_BDS1(1.0),Hospital beds by function and type of care,A,Annual,P_HTHAB,Per hundred thousand inhabitants,HBEDT,Available beds in hospitals (HP.1),TOTAL,Total,BG,Bulgaria,2018,,797.89,,,,,
dataflow,ESTAT:HLTH_RS_BDS1(1.0),Hospital beds by function and type of care,A,Annual,P_HTHAB,Per hundred thousand inhabitants,HBEDT,Available beds in hospitals (HP.1),TOTAL,Total,BG,Bulgaria,2019,,816.07,,,,,
dataflow,ESTAT:HLTH_RS_BDS1(1.0),Hospital beds by function and type of care,A,Annual,P_HTHAB,Per hundred thousand inhabitants,HBEDT,Available beds in hospitals (HP.1),TOTAL,Total,BG,Bulgaria,2020,,827.64,,,,,
dataflow,ESTAT:HLTH_RS_BDS1(1.0),Hospital beds by function and type of care,A,Annual,P_HTHAB,Per hundred thousand inhabitants,HBEDT,Available beds in hospitals (HP.1),TOTAL,Total,BG,Bulgaria,2021,,837.38,,,,,
dataflow,ESTAT:HLTH_RS_BDS1(1.0),Hospital beds by function and type of care,A,Annual,P_HTHAB,Per hundred thousand inhabitants,HBEDT,Available beds in hospitals (HP.1),TOTAL,Total,BG,Bulgaria,2022,,846.19,,,,,
dataflow,ESTAT:HLTH_RS_BDS1(1.0),Hospital beds by function and type of care,A,Annual,P_HTHAB,Per hundred thousand inhabitants,HBEDT,Available beds in hospitals (HP.1),TOTAL,Total,BG,Bulgaria,2023,,864.39,,,,,
dataflow,ESTAT:HLTH_RS_BDS1(1.0),Hospital beds by function and type of care,A,Annual,P_HTHAB,Per hundred thousand inhabitants,HBEDT,Available beds in hospitals (HP.1),TOTAL,Total,CH,Switzerland,2015,,458.49,,,,,
dataflow,ESTAT:HLTH_RS_BDS1(1.0),Hospital beds by function and type of care,A,Annual,P_HTHAB,Per hundred thousand inhabitants,HBEDT,Available beds in hospitals (HP.1),TOTAL,Total,CH,Switzerland,2016,,459.41,,,,,
dataflow,ESTAT:HLTH_RS_BDS1(1.0),Hospital beds by function and type of care,A,Annual,P_HTHAB,Per hundred thousand inhabitants,HBEDT,Available beds in hospitals (HP.1),TOTAL,Total,CH,Switzerland,2017,,460.29,,,,,
dataflow,ESTAT:HLTH_RS_BDS1(1.0),Hospital beds by function and type of care,A,Annual,P_HTHAB,Per hundred thousand inhabitants,HBEDT,Available beds in hospitals (HP.1),TOTAL,Total,CH,Switzerland,2018,,461.13,,,,,
dataflow,ESTAT:HLTH_RS_BDS1(1.0),Hospital beds by function and type of care,A,Annual,P_HTHAB,Per hundred thousand inhabitants,HBEDT,Available beds in hospitals (HP.1),TOTAL,Total,CH,Switzerland,2019,,459.34,,,,,
dataflow,ESTAT:HLTH_RS_BDS1(1.0),Hospital beds by function and type of care,A,Annual,P_HTHAB,Per hundred thousand inhabitants,HBEDT,Available beds in hospitals (HP.1),TOTAL,Total,CH,Switzerland,2020,,448.07,,,,,
dataflow,ESTAT:HLTH_RS_BDS1(1.0),Hospital beds by function and type of care,A,Annual,P_HTHAB,Per hundred thousand inhabitants,HBEDT,Available beds in hospitals (HP.1),TOTAL,Total,CH,Switzerland,2021,,443.35,,,,,
dataflow,ESTAT:HLTH_RS_BDS1(1.0),Hospital beds by function and type of care,A,Annual,P_HTHAB,Per hundred thousand inhabitants,HBEDT,Available beds in hospitals (HP.1),TOTAL,Total,CH,Switzerland,2022,,442.07,,,,,
dataflow,ESTAT:HLTH_RS_BDS1(1.0),Hospital beds by function and type of care,A,Annual,P_HTHAB,Per hundred thousand inhabitants,HBEDT,Available beds in hospitals (HP.1),TOTAL,Total,CH,Switzerland,2023,,436.64,,,,,
dataflow,ESTAT:HLTH_RS_BDS1(1.0),Hospital beds by function and type of care,A,Annual,P_HTHAB,Per hundred thousand inhabitants,HBEDT,Available beds in hospitals (HP.1),TOTAL,Total,CY,Cyprus,2015,,325.21,,,,,
dataflow,ESTAT:HLTH_RS_BDS1(1.0),Hospital beds by function and type of care,A,Annual,P_HTHAB,Per hundred thousand inhabitants,HBEDT,Available beds in hospitals (HP.1),TOTAL,Total,CY,Cyprus,2016,,327.79,,,,,
dataflow,ESTAT:HLTH_RS_BDS1(1.0),Hospital beds by function and type of care,A,Annual,P_HTHAB,Per hundred thousand inhabitants,HBEDT,Available beds in hospitals (HP.1),TOTAL,Total,CY,Cyprus,2017,,318.25,,,,,
dataflow,ESTAT:HLTH_RS_BDS1(1.0),Hospital beds by function and type of care,A,Annual,P_HTHAB,Per hundred thousand inhabitants,HBEDT,Available beds in hospitals (HP.1),TOTAL,Total,CY,Cyprus,2018,,311.06,,,,,
dataflow,ESTAT:HLTH_RS_BDS1(1.0),Hospital beds by function and type of care,A,Annual,P_HTHAB,Per hundred thousand inhabitants,HBEDT,Available beds in hospitals (HP.1),TOTAL,Total,CY,Cyprus,2019,,306.48,,,,,
dataflow,ESTAT:HLTH_RS_BDS1(1.0),Hospital beds by function and type of care,A,Annual,P_HTHAB,Per hundred thousand inhabitants,HBEDT,Available beds in hospitals (HP.1),TOTAL,Total,CY,Cyprus,2020,,314.27,,,,,
dataflow,ESTAT:HLTH_RS_BDS1(1.0),Hospital beds by function and type of care,A,Annual,P_HTHAB,Per hundred thousand inhabitants,HBEDT,Available beds in hospitals (HP.1),TOTAL,Total,CY,Cyprus,2021,,311.21,,,,,
dataflow,ESTAT:HLTH_RS_BDS1(1.0),Hospital beds by function and type of care,A,Annual,P_HTHAB,Per hundred thousand inhabitants,HBEDT,Available beds in hospitals (HP.1),TOTAL,Total,CY,Cyprus,2022,,308.23,,,,,
dataflow,ESTAT:HLTH_RS_BDS1(1.0),Hospital beds by function and type of care,A,Annual,P_HTHAB,Per hundred thousand inhabitants,HBEDT,Available beds in hospitals (HP.1),TOTAL,Total,CY,Cyprus,2023,,298.21,,,,,
dataflow,ESTAT:HLTH_RS_BDS1(1.0),Hospital beds by function and type of care,A,Annual,P_HTHAB,Per hundred thousand inhabitants,HBEDT,Available beds in hospitals (HP.1),TOTAL,Total,CZ,Czechia,2015,,664.74,,,,,
dataflow,ESTAT:HLTH_RS_BDS1(1.0),Hospital beds by function and type of care,A,Annual,P_HTHAB,Per hundred thousand inhabitants,HBEDT,Available beds in hospitals (HP.1),TOTAL,Total,CZ,Czechia,2016,,665.77,,,,,
dataflow,ESTAT:HLTH_RS_BDS1(1.0),Hospital beds by function and type of care,A,Annual,P_HTHAB,Per hundred thousand inhabitants,HBEDT,Available beds in hospitals (HP.1),TOTAL,Total,CZ,Czechia,2017,,663.84,,,,,
dataflow,ESTAT:HLTH_RS_BDS1(1.0),Hospital beds by function and type of care,A,Annual,P_HTHAB,Per hundred thousand inhabitants,HBEDT,Available beds in hospitals (HP.1),TOTAL,Total,CZ,Czechia,2018,,664.87,,,,,
dataflow,ESTAT:HLTH_RS_BDS1(1.0),Hospital beds by function and type of care,A,Annual,P_HTHAB,Per hundred thousand inhabitants,HBEDT,Available beds in hospitals (HP.1),TOTAL,Total,CZ,Czechia,2019,,662.59,,,,,
dataflow,ESTAT:HLTH_RS_BDS1(1.0),Hospital beds by function and type of care,A,Annual,P_HTHAB,Per hundred thousand inhabitants,HBEDT,Available beds in hospitals (HP.1),TOTAL,Total,CZ,Czechia,2020,,660.63,,,,,
dataflow,ESTAT:HLTH_RS_BDS1(1.0),Hospital beds by function and type of care,A,Annual,P_HTHAB,Per hundred thousand inhabitants,HBEDT,Available beds in hospitals (HP.1),TOTAL,Total,CZ,Czechia,2021,,666.58,,,,,
dataflow,ESTAT:HLTH_RS_BDS1(1.0),Hospital beds by function and type of care,A,Annual,P_HTHAB,Per hundred thousand inhabitants,HBEDT,Available beds in hospitals (HP.1),TOTAL,Total,CZ,Czechia,2022,,654.24,,,,,
dataflow,ESTAT:HLTH_RS_BDS1(1.0),Hospital beds by function and type of care,A,Annual,P_HTHAB,Per hundred thousand inhabitants,HBEDT,Available beds in hospitals (HP.1),TOTAL,Total,CZ,Czechia,2023,,640.65,,,,,
dataflow,ESTAT:HLTH_RS_BDS1(1.0),Hospital beds by function and type of care,A,Annual,P_HTHAB,Per hundred thousand inhabitants,HBEDT,Available beds in hospitals (HP.1),TOTAL,Total,DE,Germany,2015,,800.25,,,,,
dataflow,ESTAT:HLTH_RS_BDS1(1.0),Hospital beds by function and type of care,A,Annual,P_HTHAB,Per hundred thousand inhabitants,HBEDT,Available beds in hospitals (HP.1),TOTAL,Total,DE,Germany,2016,,799.74,,,,,
dataflow,ESTAT:HLTH_RS_BDS1(1.0),Hospital beds by function and type of care,A,Annual,P_HTHAB,Per hundred thousand inhabitants,HBEDT,Available beds in hospitals (HP.1),TOTAL,Total,DE,Germany,2017,,796.74,,,,,
dataflow,ESTAT:HLTH_RS_BDS1(1.0),Hospital beds by function and type of care,A,Annual,P_HTHAB,Per hundred thousand inhabitants,HBEDT,Available beds in hospitals (HP.1),TOTAL,Total,DE,Germany,2018,,797.26,,,,,
dataflow,ESTAT:HLTH_RS_BDS1(1.0),Hospital beds by function and type of care,A,Annual,P_HTHAB,Per hundred thousand inhabitants,HBEDT,Available beds in hospitals (HP.1),TOTAL,Total,DE,Germany,2019,,791.48,,,,,
dataflow,ESTAT:HLTH_RS_BDS1(1.0),Hospital beds by function and type of care,A,Annual,P_HTHAB,Per hundred thousand inhabitants,HBEDT,Available beds in hospitals (HP.1),TOTAL,Total,DE,Germany,2020,,781.82,,,,,
dataflow,ESTAT:HLTH_RS_BDS1(1.0),Hospital beds by function and type of care,A,Annual,P_HTHAB,Per hundred thousand inhabitants,HBEDT,Available beds in hospitals (HP.1),TOTAL,Total,DE,Germany,2021,,776.02,,,,,
dataflow,ESTAT:HLTH_RS_BDS1(1.0),Hospital beds by function and type of care,A,Annual,P_HTHAB,Per hundred thousand inhabitants,HBEDT,Available beds in hospitals (HP.1),TOTAL,Total,DE,Germany,2022,,771.97,,,,,
dataflow,ESTAT:HLTH_RS_BDS1(1.0),Hospital beds by function and type of care,A,Annual,P_HTHAB,Per hundred thousand inhabitants,HBEDT,Available beds in hospitals (HP.1),TOTAL,Total,DE,Germany,2023,,766.45,,,,,
dataflow,ESTAT:HLTH_RS_BDS1(1.0),Hospital beds by function and type of care,A,Annual,P_HTHAB,Per hundred thousand inhabitants,HBEDT,Available beds in hospitals (HP.1),TOTAL,Total,DK,Denmark,2016,,249.07,,,,,
dataflow,ESTAT:HLTH_RS_BDS1(1.0),Hospital beds by function and type of care,A,Annual,P_HTHAB,Per hundred thousand inhabitants,HBEDT,Available beds in hospitals (HP.1),TOTAL,Total,DK,Denmark,2017,,251.82,,,,,
dataflow,ESTAT:HLTH_RS_BDS1(1.0),Hospital beds by function and type of care,A,Annual,P_HTHAB,Per hundred thousand inhabitants,HBEDT,Available beds in hospitals (HP.1),TOTAL,Total,DK,Denmark,2018,,253.41,,,,,
dataflow,ESTAT:HLTH_RS_BDS1(1.0),Hospital beds by function and type of care,A,Annual,P_HTHAB,Per hundred thousand inhabitants,HBEDT,Available beds in hospitals (HP.1),TOTAL,Total,DK,Denmark,2019,,248.97,,,,,
dataflow,ESTAT:HLTH_RS_BDS1(1.0),Hospital beds by function and type of care,A,Annual,P_HTHAB,Per hundred thousand inhabitants,HBEDT,Available beds in hospitals (HP.1),TOTAL,Total,DK,Denmark,2020,,248.40,,,,,
dataflow,ESTAT:HLTH_RS_BDS1(1.0),Hospital beds by function and type of care,A,Annual,P_HTHAB,Per hundred thousand inhabitants,HBEDT,Available beds in hospitals (HP.1),TOTAL,Total,DK,Denmark,2021,,240.94,,,,,
dataflow,ESTAT:HLTH_RS_BDS1(1.0),Hospital beds by function and type of care,A,Annual,P_HTHAB,Per hundred thousand inhabitants,HBEDT,Available beds in hospitals (HP.1),TOTAL,Total,DK,Denmark,2022,,237.50,,,,,
dataflow,ESTAT:HLTH_RS_BDS1(1.0),Hospital beds by function and type of care,A,Annual,P_HTHAB,Per hundred thousand inhabitants,HBEDT,Available beds in hospitals (HP.1),TOTAL,Total,DK,Denmark,2023,,232.81,,b,break in time series,,
dataflow,ESTAT:HLTH_RS_BDS1(1.0),Hospital beds by function and type of care,A,Annual,P_HTHAB,Per hundred thousand inhabitants,HBEDT,Available beds in hospitals (HP.1),TOTAL,Total,DK,Denmark,2024,,222.50,,p,provisional,,
dataflow,ESTAT:HLTH_RS_BDS1(1.0),Hospital beds by function and type of care,A,Annual,P_HTHAB,Per hundred thousand inhabitants,HBEDT,Available beds in hospitals (HP.1),TOTAL,Total,EE,Estonia,2015,,478.71,,,,,
dataflow,ESTAT:HLTH_RS_BDS1(1.0),Hospital beds by function and type of care,A,Annual,P_HTHAB,Per hundred thousand inhabitants,HBEDT,Available beds in hospitals (HP.1),TOTAL,Total,EE,Estonia,2016,,465.42,,,,,
dataflow,ESTAT:HLTH_RS_BDS1(1.0),Hospital beds by function and type of care,A,Annual,P_HTHAB,Per hundred thousand inhabitants,HBEDT,Available beds in hospitals (HP.1),TOTAL,Total,EE,Estonia,2017,,458.02,,,,,
dataflow,ESTAT:HLTH_RS_BDS1(1.0),Hospital beds by function and type of care,A,Annual,P_HTHAB,Per hundred thousand inhabitants,HBEDT,Available beds in hospitals (HP.1),TOTAL,Total,EE,Estonia,2018,,452.51,,,,,
dataflow,ESTAT:HLTH_RS_BDS1(1.0),Hospital beds by function and type of care,A,Annual,P_HTHAB,Per hundred thousand inhabitants,HBEDT,Available beds in hospitals (HP.1),TOTAL,Total,EE,Estonia,2019,,453.01,,,,,
dataflow,ESTAT:HLTH_RS_BDS1(1.0),Hospital beds by function and type of care,A,Annual,P_HTHAB,Per hundred thousand inhabitants,HBEDT,Available beds in hospitals (HP.1),TOTAL,Total,EE,Estonia,2020,,446.33,,,,,
dataflow,ESTAT:HLTH_RS_BDS1(1.0),Hospital beds by function and type of care,A,Annual,P_HTHAB,Per hundred thousand inhabitants,HBEDT,Available beds in hospitals (HP.1),TOTAL,Total,EE,Estonia,2021,,439.47,,,,,
dataflow,ESTAT:HLTH_RS_BDS1(1.0),Hospital beds by function and type of care,A,Annual,P_HTHAB,Per hundred thousand inhabitants,HBEDT,Available beds in hospitals (HP.1),TOTAL,Total,EE,Estonia,2022,,419.10,,,,,
dataflow,ESTAT:HLTH_RS_BDS1(1.0),Hospital beds by function and type of care,A,Annual,P_HTHAB,Per hundred thousand inhabitants,HBEDT,Available beds in hospitals (HP.1),TOTAL,Total,EE,Estonia,2023,,411.59,,,,,
dataflow,ESTAT:HLTH_RS_BDS1(1.0),Hospital beds by function and type of care,A,Annual,P_HTHAB,Per hundred thousand inhabitants,HBEDT,Available beds in hospitals (HP.1),TOTAL,Total,EL,Greece,2015,,428.41,,,,,
dataflow,ESTAT:HLTH_RS_BDS1(1.0),Hospital beds by function and type of care,A,Annual,P_HTHAB,Per hundred thousand inhabitants,HBEDT,Available beds in hospitals (HP.1),TOTAL,Total,EL,Greece,2016,,422.14,,,,,
dataflow,ESTAT:HLTH_RS_BDS1(1.0),Hospital beds by function and type of care,A,Annual,P_HTHAB,Per hundred thousand inhabitants,HBEDT,Available beds in hospitals (HP.1),TOTAL,Total,EL,Greece,2017,,422.09,,,,,
dataflow,ESTAT:HLTH_RS_BDS1(1.0),Hospital beds by function and type of care,A,Annual,P_HTHAB,Per hundred thousand inhabitants,HBEDT,Available beds in hospitals (HP.1),TOTAL,Total,EL,Greece,2018,,420.09,,,,,
dataflow,ESTAT:HLTH_RS_BDS1(1.0),Hospital beds by function and type of care,A,Annual,P_HTHAB,Per hundred thousand inhabitants,HBEDT,Available beds in hospitals (HP.1),TOTAL,Total,EL,Greece,2019,,415.22,,,,,
dataflow,ESTAT:HLTH_RS_BDS1(1.0),Hospital beds by function and type of care,A,Annual,P_HTHAB,Per hundred thousand inhabitants,HBEDT,Available beds in hospitals (HP.1),TOTAL,Total,EL,Greece,2020,,419.88,,,,,
dataflow,ESTAT:HLTH_RS_BDS1(1.0),Hospital beds by function and type of care,A,Annual,P_HTHAB,Per hundred thousand inhabitants,HBEDT,Available beds in hospitals (HP.1),TOTAL,Total,EL,Greece,2021,,423.82,,,,,
dataflow,ESTAT:HLTH_RS_BDS1(1.0),Hospital beds by function and type of care,A,Annual,P_HTHAB,Per hundred thousand inhabitants,HBEDT,Available beds in hospitals (HP.1),TOTAL,Total,EL,Greece,2022,,426.07,,,,,
dataflow,ESTAT:HLTH_RS_BDS1(1.0),Hospital beds by function and type of care,A,Annual,P_HTHAB,Per hundred thousand inhabitants,HBEDT,Available beds in hospitals (HP.1),TOTAL,Total,EL,Greece,2023,,424.06,,,,,
dataflow,ESTAT:HLTH_RS_BDS1(1.0),Hospital beds by function and type of care,A,Annual,P_HTHAB,Per hundred thousand inhabitants,HBEDT,Available beds in hospitals (HP.1),TOTAL,Total,ES,Spain,2015,,294.05,,,,,
dataflow,ESTAT:HLTH_RS_BDS1(1.0),Hospital beds by function and type of care,A,Annual,P_HTHAB,Per hundred thousand inhabitants,HBEDT,Available beds in hospitals (HP.1),TOTAL,Total,ES,Spain,2016,,293.84,,,,,
dataflow,ESTAT:HLTH_RS_BDS1(1.0),Hospital beds by function and type of care,A,Annual,P_HTHAB,Per hundred thousand inhabitants,HBEDT,Available beds in hospitals (HP.1),TOTAL,Total,ES,Spain,2017,,295.36,,,,,
dataflow,ESTAT:HLTH_RS_BDS1(1.0),Hospital beds by function and type of care,A,Annual,P_HTHAB,Per hundred thousand inhabitants,HBEDT,Available beds in hospitals (HP.1),TOTAL,Total,ES,Spain,2018,,296.39,,,,,
dataflow,ESTAT:HLTH_RS_BDS1(1.0),Hospital beds by function and type of care,A,Annual,P_HTHAB,Per hundred thousand inhabitants,HBEDT,Available beds in hospitals (HP.1),TOTAL,Total,ES,Spain,2019,,294.71,,,,,
dataflow,ESTAT:HLTH_RS_BDS1(1.0),Hospital beds by function and type of care,A,Annual,P_HTHAB,Per hundred thousand inhabitants,HBEDT,Available beds in hospitals (HP.1),TOTAL,Total,ES,Spain,2020,,295.56,,,,,
dataflow,ESTAT:HLTH_RS_BDS1(1.0),Hospital beds by function and type of care,A,Annual,P_HTHAB,Per hundred thousand inhabitants,HBEDT,Available beds in hospitals (HP.1),TOTAL,Total,ES,Spain,2021,,295.92,,,,,
dataflow,ESTAT:HLTH_RS_BDS1(1.0),Hospital beds by function and type of care,A,Annual,P_HTHAB,Per hundred thousand inhabitants,HBEDT,Available beds in hospitals (HP.1),TOTAL,Total,ES,Spain,2022,,294.13,,,,,
dataflow,ESTAT:HLTH_RS_BDS1(1.0),Hospital beds by function and type of care,A,Annual,P_HTHAB,Per hundred thousand inhabitants,HBEDT,Available beds in hospitals (HP.1),TOTAL,Total,ES,Spain,2023,,288.06,,p,provisional,,
dataflow,ESTAT:HLTH_RS_BDS1(1.0),Hospital beds by function and type of care,A,Annual,P_HTHAB,Per hundred thousand inhabitants,HBEDT,Available beds in hospitals (HP.1),TOTAL,Total,EU27_2020,European Union - 27 countries (from 2020),2015,,547.09,,e,estimated,,
dataflow,ESTAT:HLTH_RS_BDS1(1.0),Hospital beds by function and type of care,A,Annual,P_HTHAB,Per hundred thousand inhabitants,HBEDT,Available beds in hospitals (HP.1),TOTAL,Total,EU27_2020,European Union - 27 countries (from 2020),2016,,543.88,,,,,
dataflow,ESTAT:HLTH_RS_BDS1(1.0),Hospital beds by function and type of care,A,Annual,P_HTHAB,Per hundred thousand inhabitants,HBEDT,Available beds in hospitals (HP.1),TOTAL,Total,EU27_2020,European Union - 27 countries (from 2020),2017,,541.29,,,,,
dataflow,ESTAT:HLTH_RS_BDS1(1.0),Hospital beds by function and type of care,A,Annual,P_HTHAB,Per hundred thousand inhabitants,HBEDT,Available beds in hospitals (HP.1),TOTAL,Total,EU27_2020,European Union - 27 countries (from 2020),2018,,538.33,,,,,
dataflow,ESTAT:HLTH_RS_BDS1(1.0),Hospital beds by function and type of care,A,Annual,P_HTHAB,Per hundred thousand inhabitants,HBEDT,Available beds in hospitals (HP.1),TOTAL,Total,EU27_2020,European Union - 27 countries (from 2020),2019,,531.66,,,,,
dataflow,ESTAT:HLTH_RS_BDS1(1.0),Hospital beds by function and type of care,A,Annual,P_HTHAB,Per hundred thousand inhabitants,HBEDT,Available beds in hospitals (HP.1),TOTAL,Total,EU27_2020,European Union - 27 countries (from 2020),2020,,527.39,,,,,
dataflow,ESTAT:HLTH_RS_BDS1(1.0),Hospital beds by function and type of care,A,Annual,P_HTHAB,Per hundred thousand inhabitants,HBEDT,Available beds in hospitals (HP.1),TOTAL,Total,EU27_2020,European Union - 27 countries (from 2020),2021,,525.23,,,,,
dataflow,ESTAT:HLTH_RS_BDS1(1.0),Hospital beds by function and type of care,A,Annual,P_HTHAB,Per hundred thousand inhabitants,HBEDT,Available beds in hospitals (HP.1),TOTAL,Total,EU27_2020,European Union - 27 countries (from 2020),2022,,517.04,,,,,
dataflow,ESTAT:HLTH_RS_BDS1(1.0),Hospital beds by function and type of care,A,Annual,P_HTHAB,Per hundred thousand inhabitants,HBEDT,Available beds in hospitals (HP.1),TOTAL,Total,EU27_2020,European Union - 27 countries (from 2020),2023,,510.81,,,,,
dataflow,ESTAT:HLTH_RS_BDS1(1.0),Hospital beds by function and type of care,A,Annual,P_HTHAB,Per hundred thousand inhabitants,HBEDT,Available beds in hospitals (HP.1),TOTAL,Total,EU28,European Union - 28 countries (2013-2020),2015,,509.13,,e,estimated,,
dataflow,ESTAT:HLTH_RS_BDS1(1.0),Hospital beds by function and type of care,A,Annual,P_HTHAB,Per hundred thousand inhabitants,HBEDT,Available beds in hospitals (HP.1),TOTAL,Total,EU28,European Union - 28 countries (2013-2020),2016,,506.14,,,,,
dataflow,ESTAT:HLTH_RS_BDS1(1.0),Hospital beds by function and type of care,A,Annual,P_HTHAB,Per hundred thousand inhabitants,HBEDT,Available beds in hospitals (HP.1),TOTAL,Total,EU28,European Union - 28 countries (2013-2020),2017,,503.62,,,,,
dataflow,ESTAT:HLTH_RS_BDS1(1.0),Hospital beds by function and type of care,A,Annual,P_HTHAB,Per hundred thousand inhabitants,HBEDT,Available beds in hospitals (HP.1),TOTAL,Total,EU28,European Union - 28 countries (2013-2020),2018,,500.70,,,,,
dataflow,ESTAT:HLTH_RS_BDS1(1.0),Hospital beds by function and type of care,A,Annual,P_HTHAB,Per hundred thousand inhabitants,HBEDT,Available beds in hospitals (HP.1),TOTAL,Total,EU28,European Union - 28 countries (2013-2020),2019,,494.98,,,,,
dataflow,ESTAT:HLTH_RS_BDS1(1.0),Hospital beds by function and type of care,A,Annual,P_HTHAB,Per hundred thousand inhabitants,HBEDT,Available beds in hospitals (HP.1),TOTAL,Total,FI,Finland,2015,,425.32,,e,estimated,,
dataflow,ESTAT:HLTH_RS_BDS1(1.0),Hospital beds by function and type of care,A,Annual,P_HTHAB,Per hundred thousand inhabitants,HBEDT,Available beds in hospitals (HP.1),TOTAL,Total,FI,Finland,2016,,395.31,,e,estimated,,
dataflow,ESTAT:HLTH_RS_BDS1(1.0),Hospital beds by function and type of care,A,Annual,P_HTHAB,Per hundred thousand inhabitants,HBEDT,Available beds in hospitals (HP.1),TOTAL,Total,FI,Finland,2017,,374.78,,e,estimated,,
dataflow,ESTAT:HLTH_RS_BDS1(1.0),Hospital beds by function and type of care,A,Annual,P_HTHAB,Per hundred thousand inhabitants,HBEDT,Available beds in hospitals (HP.1),TOTAL,Total,FI,Finland,2018,,356.40,,e,estimated,,
dataflow,ESTAT:HLTH_RS_BDS1(1.0),Hospital beds by function and type of care,A,Annual,P_HTHAB,Per hundred thousand inhabitants,HBEDT,Available beds in hospitals (HP.1),TOTAL,Total,FI,Finland,2019,,339.29,,be,"break in time series, estimated",,
dataflow,ESTAT:HLTH_RS_BDS1(1.0),Hospital beds by function and type of care,A,Annual,P_HTHAB,Per hundred thousand inhabitants,HBEDT,Available beds in hospitals (HP.1),TOTAL,Total,FI,Finland,2020,,274.69,,e,estimated,,
dataflow,ESTAT:HLTH_RS_BDS1(1.0),Hospital beds by function and type of care,A,Annual,P_HTHAB,Per hundred thousand inhabitants,HBEDT,Available beds in hospitals (HP.1),TOTAL,Total,FI,Finland,2021,,278.94,,e,estimated,,
dataflow,ESTAT:HLTH_RS_BDS1(1.0),Hospital beds by function and type of care,A,Annual,P_HTHAB,Per hundred thousand inhabitants,HBEDT,Available beds in hospitals (HP.1),TOTAL,Total,FI,Finland,2022,,261.51,,e,estimated,,
dataflow,ESTAT:HLTH_RS_BDS1(1.0),Hospital beds by function and type of care,A,Annual,P_HTHAB,Per hundred thousand inhabitants,HBEDT,Available beds in hospitals (HP.1),TOTAL,Total,FI,Finland,2023,,259.51,,e,estimated,,
dataflow,ESTAT:HLTH_RS_BDS1(1.0),Hospital beds by function and type of care,A,Annual,P_HTHAB,Per hundred thousand inhabitants,HBEDT,Available beds in hospitals (HP.1),TOTAL,Total,FR,France,2015,,606.14,,,,,
dataflow,ESTAT:HLTH_RS_BDS1(1.0),Hospital beds by function and type of care,A,Annual,P_HTHAB,Per hundred thousand inhabitants,HBEDT,Available beds in hospitals (HP.1),TOTAL,Total,FR,France,2016,,600.24,,,,,
dataflow,ESTAT:HLTH_RS_BDS1(1.0),Hospital beds by function and type of care,A,Annual,P_HTHAB,Per hundred thousand inhabitants,HBEDT,Available beds in hospitals (HP.1),TOTAL,Total,FR,France,2017,,593.33,,,,,
dataflow,ESTAT:HLTH_RS_BDS1(1.0),Hospital beds by function and type of care,A,Annual,P_HTHAB,Per hundred thousand inhabitants,HBEDT,Available beds in hospitals (HP.1),TOTAL,Total,FR,France,2018,,587.48,,,,,
dataflow,ESTAT:HLTH_RS_BDS1(1.0),Hospital beds by function and type of care,A,Annual,P_HTHAB,Per hundred thousand inhabitants,HBEDT,Available beds in hospitals (HP.1),TOTAL,Total,FR,France,2019,,579.83,,,,,
dataflow,ESTAT:HLTH_RS_BDS1(1.0),Hospital beds by function and type of care,A,Annual,P_HTHAB,Per hundred thousand inhabitants,HBEDT,Available beds in hospitals (HP.1),TOTAL,Total,FR,France,2020,,570.96,,,,,
dataflow,ESTAT:HLTH_RS_BDS1(1.0),Hospital beds by function and type of care,A,Annual,P_HTHAB,Per hundred thousand inhabitants,HBEDT,Available beds in hospitals (HP.1),TOTAL,Total,FR,France,2021,,560.46,,,,,
dataflow,ESTAT:HLTH_RS_BDS1(1.0),Hospital beds by function and type of care,A,Annual,P_HTHAB,Per hundred thousand inhabitants,HBEDT,Available beds in hospitals (HP.1),TOTAL,Total,FR,France,2022,,548.33,,,,,
dataflow,ESTAT:HLTH_RS_BDS1(1.0),Hospital beds by function and type of care,A,Annual,P_HTHAB,Per hundred thousand inhabitants,HBEDT,Available beds in hospitals (HP.1),TOTAL,Total,FR,France,2023,,540.22,,,,,
dataflow,ESTAT:HLTH_RS_BDS1(1.0),Hospital beds by function and type of care,A,Annual,P_HTHAB,Per hundred thousand inhabitants,HBEDT,Available beds in hospitals (HP.1),TOTAL,Total,HR,Croatia,2015,,589.84,,,,,
dataflow,ESTAT:HLTH_RS_BDS1(1.0),Hospital beds by function and type of care,A,Annual,P_HTHAB,Per hundred thousand inhabitants,HBEDT,Available beds in hospitals (HP.1),TOTAL,Total,HR,Croatia,2016,,577.45,,,,,
dataflow,ESTAT:HLTH_RS_BDS1(1.0),Hospital beds by function and type of care,A,Annual,P_HTHAB,Per hundred thousand inhabitants,HBEDT,Available beds in hospitals (HP.1),TOTAL,Total,HR,Croatia,2017,,576.46,,,,,
dataflow,ESTAT:HLTH_RS_BDS1(1.0),Hospital beds by function and type of care,A,Annual,P_HTHAB,Per hundred thousand inhabitants,HBEDT,Available beds in hospitals (HP.1),TOTAL,Total,HR,Croatia,2018,,578.53,,,,,
dataflow,ESTAT:HLTH_RS_BDS1(1.0),Hospital beds by function and type of care,A,Annual,P_HTHAB,Per hundred thousand inhabitants,HBEDT,Available beds in hospitals (HP.1),TOTAL,Total,HR,Croatia,2019,,583.13,,,,,
dataflow,ESTAT:HLTH_RS_BDS1(1.0),Hospital beds by function and type of care,A,Annual,P_HTHAB,Per hundred thousand inhabitants,HBEDT,Available beds in hospitals (HP.1),TOTAL,Total,HR,Croatia,2020,,585.78,,,,,
dataflow,ESTAT:HLTH_RS_BDS1(1.0),Hospital beds by function and type of care,A,Annual,P_HTHAB,Per hundred thousand inhabitants,HBEDT,Available beds in hospitals (HP.1),TOTAL,Total,HR,Croatia,2021,,578.03,,,,,
dataflow,ESTAT:HLTH_RS_BDS1(1.0),Hospital beds by function and type of care,A,Annual,P_HTHAB,Per hundred thousand inhabitants,HBEDT,Available beds in hospitals (HP.1),TOTAL,Total,HR,Croatia,2022,,583.78,,,,,
dataflow,ESTAT:HLTH_RS_BDS1(1.0),Hospital beds by function and type of care,A,Annual,P_HTHAB,Per hundred thousand inhabitants,HBEDT,Available beds in hospitals (HP.1),TOTAL,Total,HR,Croatia,2023,,565.45,,,,,
dataflow,ESTAT:HLTH_RS_BDS1(1.0),Hospital beds by function and type of care,A,Annual,P_HTHAB,Per hundred thousand inhabitants,HBEDT,Available beds in hospitals (HP.1),TOTAL,Total,HU,Hungary,2015,,709.70,,,,,
dataflow,ESTAT:HLTH_RS_BDS1(1.0),Hospital beds by function and type of care,A,Annual,P_HTHAB,Per hundred thousand inhabitants,HBEDT,Available beds in hospitals (HP.1),TOTAL,Total,HU,Hungary,2016,,708.36,,,,,
dataflow,ESTAT:HLTH_RS_BDS1(1.0),Hospital beds by function and type of care,A,Annual,P_HTHAB,Per hundred thousand inhabitants,HBEDT,Available beds in hospitals (HP.1),TOTAL,Total,HU,Hungary,2017,,708.25,,,,,
dataflow,ESTAT:HLTH_RS_BDS1(1.0),Hospital beds by function and type of care,A,Annual,P_HTHAB,Per hundred thousand inhabitants,HBEDT,Available beds in hospitals (HP.1),TOTAL,Total,HU,Hungary,2018,,700.46,,b,break in time series,,
dataflow,ESTAT:HLTH_RS_BDS1(1.0),Hospital beds by function and type of care,A,Annual,P_HTHAB,Per hundred thousand inhabitants,HBEDT,Available beds in hospitals (HP.1),TOTAL,Total,HU,Hungary,2019,,696.19,,,,,
dataflow,ESTAT:HLTH_RS_BDS1(1.0),Hospital beds by function and type of care,A,Annual,P_HTHAB,Per hundred thousand inhabitants,HBEDT,Available beds in hospitals (HP.1),TOTAL,Total,HU,Hungary,2020,,681.31,,,,,
dataflow,ESTAT:HLTH_RS_BDS1(1.0),Hospital beds by function and type of care,A,Annual,P_HTHAB,Per hundred thousand inhabitants,HBEDT,Available beds in hospitals (HP.1),TOTAL,Total,HU,Hungary,2021,,684.12,,,,,
dataflow,ESTAT:HLTH_RS_BDS1(1.0),Hospital beds by function and type of care,A,Annual,P_HTHAB,Per hundred thousand inhabitants,HBEDT,Available beds in hospitals (HP.1),TOTAL,Total,HU,Hungary,2022,,668.04,,,,,
dataflow,ESTAT:HLTH_RS_BDS1(1.0),Hospital beds by function and type of care,A,Annual,P_HTHAB,Per hundred thousand inhabitants,HBEDT,Available beds in hospitals (HP.1),TOTAL,Total,HU,Hungary,2023,,650.85,,,,,
dataflow,ESTAT:HLTH_RS_BDS1(1.0),Hospital beds by function and type of care,A,Annual,P_HTHAB,Per hundred thousand inhabitants,HBEDT,Available beds in hospitals (HP.1),TOTAL,Total,IE,Ireland,2015,,277.92,,b,break in time series,,
dataflow,ESTAT:HLTH_RS_BDS1(1.0),Hospital beds by function and type of care,A,Annual,P_HTHAB,Per hundred thousand inhabitants,HBEDT,Available beds in hospitals (HP.1),TOTAL,Total,IE,Ireland,2016,,284.23,,,,,
dataflow,ESTAT:HLTH_RS_BDS1(1.0),Hospital beds by function and type of care,A,Annual,P_HTHAB,Per hundred thousand inhabitants,HBEDT,Available beds in hospitals (HP.1),TOTAL,Total,IE,Ireland,2017,,289.03,,,,,
dataflow,ESTAT:HLTH_RS_BDS1(1.0),Hospital beds by function and type of care,A,Annual,P_HTHAB,Per hundred thousand inhabitants,HBEDT,Available beds in hospitals (HP.1),TOTAL,Total,IE,Ireland,2018,,293.00,,,,,
dataflow,ESTAT:HLTH_RS_BDS1(1.0),Hospital beds by function and type of care,A,Annual,P_HTHAB,Per hundred thousand inhabitants,HBEDT,Available beds in hospitals (HP.1),TOTAL,Total,IE,Ireland,2019,,285.60,,b,break in time series,,
dataflow,ESTAT:HLTH_RS_BDS1(1.0),Hospital beds by function and type of care,A,Annual,P_HTHAB,Per hundred thousand inhabitants,HBEDT,Available beds in hospitals (HP.1),TOTAL,Total,IE,Ireland,2020,,285.97,,,,,
dataflow,ESTAT:HLTH_RS_BDS1(1.0),Hospital beds by function and type of care,A,Annual,P_HTHAB,Per hundred thousand inhabitants,HBEDT,Available beds in hospitals (HP.1),TOTAL,Total,IE,Ireland,2021,,285.04,,,,,
dataflow,ESTAT:HLTH_RS_BDS1(1.0),Hospital beds by function and type of care,A,Annual,P_HTHAB,Per hundred thousand inhabitants,HBEDT,Available beds in hospitals (HP.1),TOTAL,Total,IE,Ireland,2022,,287.92,,,,,
dataflow,ESTAT:HLTH_RS_BDS1(1.0),Hospital beds by function and type of care,A,Annual,P_HTHAB,Per hundred thousand inhabitants,HBEDT,Available beds in hospitals (HP.1),TOTAL,Total,IE,Ireland,2023,,289.41,,,,,
dataflow,ESTAT:HLTH_RS_BDS1(1.0),Hospital beds by function and type of care,A,Annual,P_HTHAB,Per hundred thousand inhabitants,HBEDT,Available beds in hospitals (HP.1),TOTAL,Total,IS,Iceland,2015,,289.08,,,,,
dataflow,ESTAT:HLTH_RS_BDS1(1.0),Hospital beds by function and type of care,A,Annual,P_HTHAB,Per hundred thousand inhabitants,HBEDT,Available beds in hospitals (HP.1),TOTAL,Total,IS,Iceland,2016,,294.41,,,,,
dataflow,ESTAT:HLTH_RS_BDS1(1.0),Hospital beds by function and type of care,A,Annual,P_HTHAB,Per hundred thousand inhabitants,HBEDT,Available beds in hospitals (HP.1),TOTAL,Total,IS,Iceland,2017,,294.69,,,,,
dataflow,ESTAT:HLTH_RS_BDS1(1.0),Hospital beds by function and type of care,A,Annual,P_HTHAB,Per hundred thousand inhabitants,HBEDT,Available beds in hospitals (HP.1),TOTAL,Total,IS,Iceland,2018,,284.04,,,,,
dataflow,ESTAT:HLTH_RS_BDS1(1.0),Hospital beds by function and type of care,A,Annual,P_HTHAB,Per hundred thousand inhabitants,HBEDT,Available beds in hospitals (HP.1),TOTAL,Total,IS,Iceland,2019,,280.12,,,,,
dataflow,ESTAT:HLTH_RS_BDS1(1.0),Hospital beds by function and type of care,A,Annual,P_HTHAB,Per hundred thousand inhabitants,HBEDT,Available beds in hospitals (HP.1),TOTAL,Total,IS,Iceland,2020,,284.07,,,,,
dataflow,ESTAT:HLTH_RS_BDS1(1.0),Hospital beds by function and type of care,A,Annual,P_HTHAB,Per hundred thousand inhabitants,HBEDT,Available beds in hospitals (HP.1),TOTAL,Total,IS,Iceland,2021,,274.35,,,,,
dataflow,ESTAT:HLTH_RS_BDS1(1.0),Hospital beds by function and type of care,A,Annual,P_HTHAB,Per hundred thousand inhabitants,HBEDT,Available beds in hospitals (HP.1),TOTAL,Total,IS,Iceland,2022,,263.87,,,,,
dataflow,ESTAT:HLTH_RS_BDS1(1.0),Hospital beds by function and type of care,A,Annual,P_HTHAB,Per hundred thousand inhabitants,HBEDT,Available beds in hospitals (HP.1),TOTAL,Total,IS,Iceland,2023,,257.22,,,,,
dataflow,ESTAT:HLTH_RS_BDS1(1.0),Hospital beds by function and type of care,A,Annual,P_HTHAB,Per hundred thousand inhabitants,HBEDT,Available beds in hospitals (HP.1),TOTAL,Total,IT,Italy,2015,,324.43,,,,,
dataflow,ESTAT:HLTH_RS_BDS1(1.0),Hospital beds by function and type of care,A,Annual,P_HTHAB,Per hundred thousand inhabitants,HBEDT,Available beds in hospitals (HP.1),TOTAL,Total,IT,Italy,2016,,321.51,,,,,
dataflow,ESTAT:HLTH_RS_BDS1(1.0),Hospital beds by function and type of care,A,Annual,P_HTHAB,Per hundred thousand inhabitants,HBEDT,Available beds in hospitals (HP.1),TOTAL,Total,IT,Italy,2017,,321.90,,,,,
dataflow,ESTAT:HLTH_RS_BDS1(1.0),Hospital beds by function and type of care,A,Annual,P_HTHAB,Per hundred thousand inhabitants,HBEDT,Available beds in hospitals (HP.1),TOTAL,Total,IT,Italy,2018,,317.22,,,,,
dataflow,ESTAT:HLTH_RS_BDS1(1.0),Hospital beds by function and type of care,A,Annual,P_HTHAB,Per hundred thousand inhabitants,HBEDT,Available beds in hospitals (HP.1),TOTAL,Total,IT,Italy,2019,,316.28,,,,,
dataflow,ESTAT:HLTH_RS_BDS1(1.0),Hospital beds by function and type of care,A,Annual,P_HTHAB,Per hundred thousand inhabitants,HBEDT,Available beds in hospitals (HP.1),TOTAL,Total,IT,Italy,2020,,318.56,,,,,
dataflow,ESTAT:HLTH_RS_BDS1(1.0),Hospital beds by function and type of care,A,Annual,P_HTHAB,Per hundred thousand inhabitants,HBEDT,Available beds in hospitals (HP.1),TOTAL,Total,IT,Italy,2021,,312.39,,,,,
dataflow,ESTAT:HLTH_RS_BDS1(1.0),Hospital beds by function and type of care,A,Annual,P_HTHAB,Per hundred thousand inhabitants,HBEDT,Available beds in hospitals (HP.1),TOTAL,Total,IT,Italy,2022,,308.76,,,,,
dataflow,ESTAT:HLTH_RS_BDS1(1.0),Hospital beds by function and type of care,A,Annual,P_HTHAB,Per hundred thousand inhabitants,HBEDT,Available beds in hospitals (HP.1),TOTAL,Total,IT,Italy,2023,,304.10,,,,,
dataflow,ESTAT:HLTH_RS_BDS1(1.0),Hospital beds by function and type of care,A,Annual,P_HTHAB,Per hundred thousand inhabitants,HBEDT,Available beds in hospitals (HP.1),TOTAL,Total,LI,Liechtenstein,2015,,156.34,,,,,
dataflow,ESTAT:HLTH_RS_BDS1(1.0),Hospital beds by function and type of care,A,Annual,P_HTHAB,Per hundred thousand inhabitants,HBEDT,Available beds in hospitals (HP.1),TOTAL,Total,LI,Liechtenstein,2016,,156.34,,,,,
dataflow,ESTAT:HLTH_RS_BDS1(1.0),Hospital beds by function and type of care,A,Annual,P_HTHAB,Per hundred thousand inhabitants,HBEDT,Available beds in hospitals (HP.1),TOTAL,Total,LI,Liechtenstein,2017,,237.12,,,,,
dataflow,ESTAT:HLTH_RS_BDS1(1.0),Hospital beds by function and type of care,A,Annual,P_HTHAB,Per hundred thousand inhabitants,HBEDT,Available beds in hospitals (HP.1),TOTAL,Total,LI,Liechtenstein,2018,,101.62,,,,,
dataflow,ESTAT:HLTH_RS_BDS1(1.0),Hospital beds by function and type of care,A,Annual,P_HTHAB,Per hundred thousand inhabitants,HBEDT,Available beds in hospitals (HP.1),TOTAL,Total,LI,Liechtenstein,2019,,145.22,,,,,
dataflow,ESTAT:HLTH_RS_BDS1(1.0),Hospital beds by function and type of care,A,Annual,P_HTHAB,Per hundred thousand inhabitants,HBEDT,Available beds in hospitals (HP.1),TOTAL,Total,LI,Liechtenstein,2020,,228.79,,,,,
dataflow,ESTAT:HLTH_RS_BDS1(1.0),Hospital beds by function and type of care,A,Annual,P_HTHAB,Per hundred thousand inhabitants,HBEDT,Available beds in hospitals (HP.1),TOTAL,Total,LI,Liechtenstein,2021,,227.15,,,,,
dataflow,ESTAT:HLTH_RS_BDS1(1.0),Hospital beds by function and type of care,A,Annual,P_HTHAB,Per hundred thousand inhabitants,HBEDT,Available beds in hospitals (HP.1),TOTAL,Total,LI,Liechtenstein,2022,,225.36,,,,,
dataflow,ESTAT:HLTH_RS_BDS1(1.0),Hospital beds by function and type of care,A,Annual,P_HTHAB,Per hundred thousand inhabitants,HBEDT,Available beds in hospitals (HP.1),TOTAL,Total,LI,Liechtenstein,2023,,223.36,,,,,
dataflow,ESTAT:HLTH_RS_BDS1(1.0),Hospital beds by function and type of care,A,Annual,P_HTHAB,Per hundred thousand inhabitants,HBEDT,Available beds in hospitals (HP.1),TOTAL,Total,LT,Lithuania,2015,,719.58,,,,,
dataflow,ESTAT:HLTH_RS_BDS1(1.0),Hospital beds by function and type of care,A,Annual,P_HTHAB,Per hundred thousand inhabitants,HBEDT,Available beds in hospitals (HP.1),TOTAL,Total,LT,Lithuania,2016,,682.49,,,,,
dataflow,ESTAT:HLTH_RS_BDS1(1.0),Hospital beds by function and type of care,A,Annual,P_HTHAB,Per hundred thousand inhabitants,HBEDT,Available beds in hospitals (HP.1),TOTAL,Total,LT,Lithuania,2017,,659.55,,,,,
dataflow,ESTAT:HLTH_RS_BDS1(1.0),Hospital beds by function and type of care,A,Annual,P_HTHAB,Per hundred thousand inhabitants,HBEDT,Available beds in hospitals (HP.1),TOTAL,Total,LT,Lithuania,2018,,640.96,,,,,
dataflow,ESTAT:HLTH_RS_BDS1(1.0),Hospital beds by function and type of care,A,Annual,P_HTHAB,Per hundred thousand inhabitants,HBEDT,Available beds in hospitals (HP.1),TOTAL,Total,LT,Lithuania,2019,,630.82,,,,,
dataflow,ESTAT:HLTH_RS_BDS1(1.0),Hospital beds by function and type of care,A,Annual,P_HTHAB,Per hundred thousand inhabitants,HBEDT,Available beds in hospitals (HP.1),TOTAL,Total,LT,Lithuania,2020,,597.86,,,,,
dataflow,ESTAT:HLTH_RS_BDS1(1.0),Hospital beds by function and type of care,A,Annual,P_HTHAB,Per hundred thousand inhabitants,HBEDT,Available beds in hospitals (HP.1),TOTAL,Total,LT,Lithuania,2021,,603.80,,,,,
dataflow,ESTAT:HLTH_RS_BDS1(1.0),Hospital beds by function and type of care,A,Annual,P_HTHAB,Per hundred thousand inhabitants,HBEDT,Available beds in hospitals (HP.1),TOTAL,Total,LT,Lithuania,2022,,568.05,,,,,
dataflow,ESTAT:HLTH_RS_BDS1(1.0),Hospital beds by function and type of care,A,Annual,P_HTHAB,Per hundred thousand inhabitants,HBEDT,Available beds in hospitals (HP.1),TOTAL,Total,LT,Lithuania,2023,,548.37,,,,,
dataflow,ESTAT:HLTH_RS_BDS1(1.0),Hospital beds by function and type of care,A,Annual,P_HTHAB,Per hundred thousand inhabitants,HBEDT,Available beds in hospitals (HP.1),TOTAL,Total,LU,Luxembourg,2015,,460.18,,,,,
dataflow,ESTAT:HLTH_RS_BDS1(1.0),Hospital beds by function and type of care,A,Annual,P_HTHAB,Per hundred thousand inhabitants,HBEDT,Available beds in hospitals (HP.1),TOTAL,Total,LU,Luxembourg,2016,,456.76,,,,,
dataflow,ESTAT:HLTH_RS_BDS1(1.0),Hospital beds by function and type of care,A,Annual,P_HTHAB,Per hundred thousand inhabitants,HBEDT,Available beds in hospitals (HP.1),TOTAL,Total,LU,Luxembourg,2017,,452.85,,,,,
dataflow,ESTAT:HLTH_RS_BDS1(1.0),Hospital beds by function and type of care,A,Annual,P_HTHAB,Per hundred thousand inhabitants,HBEDT,Available beds in hospitals (HP.1),TOTAL,Total,LU,Luxembourg,2018,,446.33,,,,,
dataflow,ESTAT:HLTH_RS_BDS1(1.0),Hospital beds by function and type of care,A,Annual,P_HTHAB,Per hundred thousand inhabitants,HBEDT,Available beds in hospitals (HP.1),TOTAL,Total,LU,Luxembourg,2019,,426.45,,b,break in time series,,
dataflow,ESTAT:HLTH_RS_BDS1(1.0),Hospital beds by function and type of care,A,Annual,P_HTHAB,Per hundred thousand inhabitants,HBEDT,Available beds in hospitals (HP.1),TOTAL,Total,LU,Luxembourg,2020,,419.40,,,,,
dataflow,ESTAT:HLTH_RS_BDS1(1.0),Hospital beds by function and type of care,A,Annual,P_HTHAB,Per hundred thousand inhabitants,HBEDT,Available beds in hospitals (HP.1),TOTAL,Total,LU,Luxembourg,2021,,414.33,,,,,
dataflow,ESTAT:HLTH_RS_BDS1(1.0),Hospital beds by function and type of care,A,Annual,P_HTHAB,Per hundred thousand inhabitants,HBEDT,Available beds in hospitals (HP.1),TOTAL,Total,LU,Luxembourg,2022,,399.48,,,,,
dataflow,ESTAT:HLTH_RS_BDS1(1.0),Hospital beds by function and type of care,A,Annual,P_HTHAB,Per hundred thousand inhabitants,HBEDT,Available beds in hospitals (HP.1),TOTAL,Total,LU,Luxembourg,2023,,393.89,,,,,
dataflow,ESTAT:HLTH_RS_BDS1(1.0),Hospital beds by function and type of care,A,Annual,P_HTHAB,Per hundred thousand inhabitants,HBEDT,Available beds in hospitals (HP.1),TOTAL,Total,LV,Latvia,2015,,586.52,,,,,
dataflow,ESTAT:HLTH_RS_BDS1(1.0),Hospital beds by function and type of care,A,Annual,P_HTHAB,Per hundred thousand inhabitants,HBEDT,Available beds in hospitals (HP.1),TOTAL,Total,LV,Latvia,2016,,583.76,,,,,
dataflow,ESTAT:HLTH_RS_BDS1(1.0),Hospital beds by function and type of care,A,Annual,P_HTHAB,Per hundred thousand inhabitants,HBEDT,Available beds in hospitals (HP.1),TOTAL,Total,LV,Latvia,2017,,563.13,,,,,
dataflow,ESTAT:HLTH_RS_BDS1(1.0),Hospital beds by function and type of care,A,Annual,P_HTHAB,Per hundred thousand inhabitants,HBEDT,Available beds in hospitals (HP.1),TOTAL,Total,LV,Latvia,2018,,551.42,,,,,
dataflow,ESTAT:HLTH_RS_BDS1(1.0),Hospital beds by function and type of care,A,Annual,P_HTHAB,Per hundred thousand inhabitants,HBEDT,Available beds in hospitals (HP.1),TOTAL,Total,LV,Latvia,2019,,542.32,,,,,
dataflow,ESTAT:HLTH_RS_BDS1(1.0),Hospital beds by function and type of care,A,Annual,P_HTHAB,Per hundred thousand inhabitants,HBEDT,Available beds in hospitals (HP.1),TOTAL,Total,LV,Latvia,2020,,528.56,,,,,
dataflow,ESTAT:HLTH_RS_BDS1(1.0),Hospital beds by function and type of care,A,Annual,P_HTHAB,Per hundred thousand inhabitants,HBEDT,Available beds in hospitals (HP.1),TOTAL,Total,LV,Latvia,2021,,516.43,,,,,
dataflow,ESTAT:HLTH_RS_BDS1(1.0),Hospital beds by function and type of care,A,Annual,P_HTHAB,Per hundred thousand inhabitants,HBEDT,Available beds in hospitals (HP.1),TOTAL,Total,LV,Latvia,2022,,502.88,,,,,
dataflow,ESTAT:HLTH_RS_BDS1(1.0),Hospital beds by function and type of care,A,Annual,P_HTHAB,Per hundred thousand inhabitants,HBEDT,Available beds in hospitals (HP.1),TOTAL,Total,LV,Latvia,2023,,495.99,,,,,
dataflow,ESTAT:HLTH_RS_BDS1(1.0),Hospital beds by function and type of care,A,Annual,P_HTHAB,Per hundred thousand inhabitants,HBEDT,Available beds in hospitals (HP.1),TOTAL,Total,MD,Moldova,2015,,715.63,,,,,
dataflow,ESTAT:HLTH_RS_BDS1(1.0),Hospital beds by function and type of care,A,Annual,P_HTHAB,Per hundred thousand inhabitants,HBEDT,Available beds in hospitals (HP.1),TOTAL,Total,MD,Moldova,2016,,688.44,,,,,
dataflow,ESTAT:HLTH_RS_BDS1(1.0),Hospital beds by function and type of care,A,Annual,P_HTHAB,Per hundred thousand inhabitants,HBEDT,Available beds in hospitals (HP.1),TOTAL,Total,MD,Moldova,2017,,673.79,,,,,
dataflow,ESTAT:HLTH_RS_BDS1(1.0),Hospital beds by function and type of care,A,Annual,P_HTHAB,Per hundred thousand inhabitants,HBEDT,Available beds in hospitals (HP.1),TOTAL,Total,MD,Moldova,2018,,659.69,,,,,
dataflow,ESTAT:HLTH_RS_BDS1(1.0),Hospital beds by function and type of care,A,Annual,P_HTHAB,Per hundred thousand inhabitants,HBEDT,Available beds in hospitals (HP.1),TOTAL,Total,MD,Moldova,2019,,666.44,,,,,
dataflow,ESTAT:HLTH_RS_BDS1(1.0),Hospital beds by function and type of care,A,Annual,P_HTHAB,Per hundred thousand inhabitants,HBEDT,Available beds in hospitals (HP.1),TOTAL,Total,MD,Moldova,2020,,624.87,,,,,
dataflow,ESTAT:HLTH_RS_BDS1(1.0),Hospital beds by function and type of care,A,Annual,P_HTHAB,Per hundred thousand inhabitants,HBEDT,Available beds in hospitals (HP.1),TOTAL,Total,MD,Moldova,2021,,659.05,,,,,
dataflow,ESTAT:HLTH_RS_BDS1(1.0),Hospital beds by function and type of care,A,Annual,P_HTHAB,Per hundred thousand inhabitants,HBEDT,Available beds in hospitals (HP.1),TOTAL,Total,MD,Moldova,2022,,674.35,,,,,
dataflow,ESTAT:HLTH_RS_BDS1(1.0),Hospital beds by function and type of care,A,Annual,P_HTHAB,Per hundred thousand inhabitants,HBEDT,Available beds in hospitals (HP.1),TOTAL,Total,MD,Moldova,2023,,686.54,,,,,
dataflow,ESTAT:HLTH_RS_BDS1(1.0),Hospital beds by function and type of care,A,Annual,P_HTHAB,Per hundred thousand inhabitants,HBEDT,Available beds in hospitals (HP.1),TOTAL,Total,ME,Montenegro,2015,,393.13,,,,,
dataflow,ESTAT:HLTH_RS_BDS1(1.0),Hospital beds by function and type of care,A,Annual,P_HTHAB,Per hundred thousand inhabitants,HBEDT,Available beds in hospitals (HP.1),TOTAL,Total,ME,Montenegro,2016,,393.13,,,,,
dataflow,ESTAT:HLTH_RS_BDS1(1.0),Hospital beds by function and type of care,A,Annual,P_HTHAB,Per hundred thousand inhabitants,HBEDT,Available beds in hospitals (HP.1),TOTAL,Total,ME,Montenegro,2017,,386.22,,,,,
dataflow,ESTAT:HLTH_RS_BDS1(1.0),Hospital beds by function and type of care,A,Annual,P_HTHAB,Per hundred thousand inhabitants,HBEDT,Available beds in hospitals (HP.1),TOTAL,Total,ME,Montenegro,2018,,391.36,,,,,
dataflow,ESTAT:HLTH_RS_BDS1(1.0),Hospital beds by function and type of care,A,Annual,P_HTHAB,Per hundred thousand inhabitants,HBEDT,Available beds in hospitals (HP.1),TOTAL,Total,ME,Montenegro,2019,,385.67,,,,,
dataflow,ESTAT:HLTH_RS_BDS1(1.0),Hospital beds by function and type of care,A,Annual,P_HTHAB,Per hundred thousand inhabitants,HBEDT,Available beds in hospitals (HP.1),TOTAL,Total,ME,Montenegro,2020,,385.80,,,,,
dataflow,ESTAT:HLTH_RS_BDS1(1.0),Hospital beds by function and type of care,A,Annual,P_HTHAB,Per hundred thousand inhabitants,HBEDT,Available beds in hospitals (HP.1),TOTAL,Total,ME,Montenegro,2021,,381.78,,,,,
dataflow,ESTAT:HLTH_RS_BDS1(1.0),Hospital beds by function and type of care,A,Annual,P_HTHAB,Per hundred thousand inhabitants,HBEDT,Available beds in hospitals (HP.1),TOTAL,Total,ME,Montenegro,2022,,380.92,,,,,
dataflow,ESTAT:HLTH_RS_BDS1(1.0),Hospital beds by function and type of care,A,Annual,P_HTHAB,Per hundred thousand inhabitants,HBEDT,Available beds in hospitals (HP.1),TOTAL,Total,ME,Montenegro,2023,,382.30,,,,,
dataflow,ESTAT:HLTH_RS_BDS1(1.0),Hospital beds by function and type of care,A,Annual,P_HTHAB,Per hundred thousand inhabitants,HBEDT,Available beds in hospitals (HP.1),TOTAL,Total,MK,North Macedonia,2015,,438.79,,,,,
dataflow,ESTAT:HLTH_RS_BDS1(1.0),Hospital beds by function and type of care,A,Annual,P_HTHAB,Per hundred thousand inhabitants,HBEDT,Available beds in hospitals (HP.1),TOTAL,Total,MK,North Macedonia,2016,,437.11,,,,,
dataflow,ESTAT:HLTH_RS_BDS1(1.0),Hospital beds by function and type of care,A,Annual,P_HTHAB,Per hundred thousand inhabitants,HBEDT,Available beds in hospitals (HP.1),TOTAL,Total,MK,North Macedonia,2017,,428.01,,,,,
dataflow,ESTAT:HLTH_RS_BDS1(1.0),Hospital beds by function and type of care,A,Annual,P_HTHAB,Per hundred thousand inhabitants,HBEDT,Available beds in hospitals (HP.1),TOTAL,Total,MK,North Macedonia,2018,,421.63,,,,,
dataflow,ESTAT:HLTH_RS_BDS1(1.0),Hospital beds by function and type of care,A,Annual,P_HTHAB,Per hundred thousand inhabitants,HBEDT,Available beds in hospitals (HP.1),TOTAL,Total,MK,North Macedonia,2019,,426.30,,,,,
dataflow,ESTAT:HLTH_RS_BDS1(1.0),Hospital beds by function and type of care,A,Annual,P_HTHAB,Per hundred thousand inhabitants,HBEDT,Available beds in hospitals (HP.1),TOTAL,Total,MK,North Macedonia,2020,,429.86,,,,,
dataflow,ESTAT:HLTH_RS_BDS1(1.0),Hospital beds by function and type of care,A,Annual,P_HTHAB,Per hundred thousand inhabitants,HBEDT,Available beds in hospitals (HP.1),TOTAL,Total,MK,North Macedonia,2021,,449.01,,,,,
dataflow,ESTAT:HLTH_RS_BDS1(1.0),Hospital beds by function and type of care,A,Annual,P_HTHAB,Per hundred thousand inhabitants,HBEDT,Available beds in hospitals (HP.1),TOTAL,Total,MT,Malta,2015,,414.02,,,,,
dataflow,ESTAT:HLTH_RS_BDS1(1.0),Hospital beds by function and type of care,A,Annual,P_HTHAB,Per hundred thousand inhabitants,HBEDT,Available beds in hospitals (HP.1),TOTAL,Total,MT,Malta,2016,,431.47,,,,,
dataflow,ESTAT:HLTH_RS_BDS1(1.0),Hospital beds by function and type of care,A,Annual,P_HTHAB,Per hundred thousand inhabitants,HBEDT,Available beds in hospitals (HP.1),TOTAL,Total,MT,Malta,2017,,425.79,,,,,
dataflow,ESTAT:HLTH_RS_BDS1(1.0),Hospital beds by function and type of care,A,Annual,P_HTHAB,Per hundred thousand inhabitants,HBEDT,Available beds in hospitals (HP.1),TOTAL,Total,MT,Malta,2018,,423.56,,,,,
dataflow,ESTAT:HLTH_RS_BDS1(1.0),Hospital beds by function and type of care,A,Annual,P_HTHAB,Per hundred thousand inhabitants,HBEDT,Available beds in hospitals (HP.1),TOTAL,Total,MT,Malta,2019,,410.39,,,,,
dataflow,ESTAT:HLTH_RS_BDS1(1.0),Hospital beds by function and type of care,A,Annual,P_HTHAB,Per hundred thousand inhabitants,HBEDT,Available beds in hospitals (HP.1),TOTAL,Total,MT,Malta,2020,,438.22,,,,,
dataflow,ESTAT:HLTH_RS_BDS1(1.0),Hospital beds by function and type of care,A,Annual,P_HTHAB,Per hundred thousand inhabitants,HBEDT,Available beds in hospitals (HP.1),TOTAL,Total,MT,Malta,2021,,414.75,,,,,
dataflow,ESTAT:HLTH_RS_BDS1(1.0),Hospital beds by function and type of care,A,Annual,P_HTHAB,Per hundred thousand inhabitants,HBEDT,Available beds in hospitals (HP.1),TOTAL,Total,MT,Malta,2022,,406.32,,,,,
dataflow,ESTAT:HLTH_RS_BDS1(1.0),Hospital beds by function and type of care,A,Annual,P_HTHAB,Per hundred thousand inhabitants,HBEDT,Available beds in hospitals (HP.1),TOTAL,Total,MT,Malta,2023,,397.29,,,,,
dataflow,ESTAT:HLTH_RS_BDS1(1.0),Hospital beds by function and type of care,A,Annual,P_HTHAB,Per hundred thousand inhabitants,HBEDT,Available beds in hospitals (HP.1),TOTAL,Total,NL,Netherlands,2015,,342.07,,b,break in time series,,
dataflow,ESTAT:HLTH_RS_BDS1(1.0),Hospital beds by function and type of care,A,Annual,P_HTHAB,Per hundred thousand inhabitants,HBEDT,Available beds in hospitals (HP.1),TOTAL,Total,NL,Netherlands,2016,,336.13,,,,,
dataflow,ESTAT:HLTH_RS_BDS1(1.0),Hospital beds by function and type of care,A,Annual,P_HTHAB,Per hundred thousand inhabitants,HBEDT,Available beds in hospitals (HP.1),TOTAL,Total,NL,Netherlands,2017,,324.82,,,,,
dataflow,ESTAT:HLTH_RS_BDS1(1.0),Hospital beds by function and type of care,A,Annual,P_HTHAB,Per hundred thousand inhabitants,HBEDT,Available beds in hospitals (HP.1),TOTAL,Total,NL,Netherlands,2018,,317.50,,,,,
dataflow,ESTAT:HLTH_RS_BDS1(1.0),Hospital beds by function and type of care,A,Annual,P_HTHAB,Per hundred thousand inhabitants,HBEDT,Available beds in hospitals (HP.1),TOTAL,Total,NL,Netherlands,2019,,302.10,,,,,
dataflow,ESTAT:HLTH_RS_BDS1(1.0),Hospital beds by function and type of care,A,Annual,P_HTHAB,Per hundred thousand inhabitants,HBEDT,Available beds in hospitals (HP.1),TOTAL,Total,NL,Netherlands,2020,,291.13,,,,,
dataflow,ESTAT:HLTH_RS_BDS1(1.0),Hospital beds by function and type of care,A,Annual,P_HTHAB,Per hundred thousand inhabitants,HBEDT,Available beds in hospitals (HP.1),TOTAL,Total,NL,Netherlands,2021,,295.23,,b,break in time series,,
dataflow,ESTAT:HLTH_RS_BDS1(1.0),Hospital beds by function and type of care,A,Annual,P_HTHAB,Per hundred thousand inhabitants,HBEDT,Available beds in hospitals (HP.1),TOTAL,Total,NL,Netherlands,2022,,244.93,,b,break in time series,,
dataflow,ESTAT:HLTH_RS_BDS1(1.0),Hospital beds by function and type of care,A,Annual,P_HTHAB,Per hundred thousand inhabitants,HBEDT,Available beds in hospitals (HP.1),TOTAL,Total,NL,Netherlands,2023,,231.08,,,,,
dataflow,ESTAT:HLTH_RS_BDS1(1.0),Hospital beds by function and type of care,A,Annual,P_HTHAB,Per hundred thousand inhabitants,HBEDT,Available beds in hospitals (HP.1),TOTAL,Total,NO,Norway,2015,,366.09,,,,,
dataflow,ESTAT:HLTH_RS_BDS1(1.0),Hospital beds by function and type of care,A,Annual,P_HTHAB,Per hundred thousand inhabitants,HBEDT,Available beds in hospitals (HP.1),TOTAL,Total,NO,Norway,2016,,362.09,,,,,
dataflow,ESTAT:HLTH_RS_BDS1(1.0),Hospital beds by function and type of care,A,Annual,P_HTHAB,Per hundred thousand inhabitants,HBEDT,Available beds in hospitals (HP.1),TOTAL,Total,NO,Norway,2017,,356.65,,,,,
dataflow,ESTAT:HLTH_RS_BDS1(1.0),Hospital beds by function and type of care,A,Annual,P_HTHAB,Per hundred thousand inhabitants,HBEDT,Available beds in hospitals (HP.1),TOTAL,Total,NO,Norway,2018,,351.28,,,,,
dataflow,ESTAT:HLTH_RS_BDS1(1.0),Hospital beds by function and type of care,A,Annual,P_HTHAB,Per hundred thousand inhabitants,HBEDT,Available beds in hospitals (HP.1),TOTAL,Total,NO,Norway,2019,,348.16,,,,,
dataflow,ESTAT:HLTH_RS_BDS1(1.0),Hospital beds by function and type of care,A,Annual,P_HTHAB,Per hundred thousand inhabitants,HBEDT,Available beds in hospitals (HP.1),TOTAL,Total,NO,Norway,2020,,340.16,,,,,
dataflow,ESTAT:HLTH_RS_BDS1(1.0),Hospital beds by function and type of care,A,Annual,P_HTHAB,Per hundred thousand inhabitants,HBEDT,Available beds in hospitals (HP.1),TOTAL,Total,NO,Norway,2021,,339.98,,,,,
dataflow,ESTAT:HLTH_RS_BDS1(1.0),Hospital beds by function and type of care,A,Annual,P_HTHAB,Per hundred thousand inhabitants,HBEDT,Available beds in hospitals (HP.1),TOTAL,Total,NO,Norway,2022,,334.83,,,,,
dataflow,ESTAT:HLTH_RS_BDS1(1.0),Hospital beds by function and type of care,A,Annual,P_HTHAB,Per hundred thousand inhabitants,HBEDT,Available beds in hospitals (HP.1),TOTAL,Total,NO,Norway,2023,,329.90,,,,,
dataflow,ESTAT:HLTH_RS_BDS1(1.0),Hospital beds by function and type of care,A,Annual,P_HTHAB,Per hundred thousand inhabitants,HBEDT,Available beds in hospitals (HP.1),TOTAL,Total,PL,Poland,2015,,663.71,,,,,
dataflow,ESTAT:HLTH_RS_BDS1(1.0),Hospital beds by function and type of care,A,Annual,P_HTHAB,Per hundred thousand inhabitants,HBEDT,Available beds in hospitals (HP.1),TOTAL,Total,PL,Poland,2016,,663.99,,,,,
dataflow,ESTAT:HLTH_RS_BDS1(1.0),Hospital beds by function and type of care,A,Annual,P_HTHAB,Per hundred thousand inhabitants,HBEDT,Available beds in hospitals (HP.1),TOTAL,Total,PL,Poland,2017,,662.41,,,,,
dataflow,ESTAT:HLTH_RS_BDS1(1.0),Hospital beds by function and type of care,A,Annual,P_HTHAB,Per hundred thousand inhabitants,HBEDT,Available beds in hospitals (HP.1),TOTAL,Total,PL,Poland,2018,,653.73,,,,,
dataflow,ESTAT:HLTH_RS_BDS1(1.0),Hospital beds by function and type of care,A,Annual,P_HTHAB,Per hundred thousand inhabitants,HBEDT,Available beds in hospitals (HP.1),TOTAL,Total,PL,Poland,2019,,617.45,,b,break in time series,,
dataflow,ESTAT:HLTH_RS_BDS1(1.0),Hospital beds by function and type of care,A,Annual,P_HTHAB,Per hundred thousand inhabitants,HBEDT,Available beds in hospitals (HP.1),TOTAL,Total,PL,Poland,2020,,625.38,,,,,
dataflow,ESTAT:HLTH_RS_BDS1(1.0),Hospital beds by function and type of care,A,Annual,P_HTHAB,Per hundred thousand inhabitants,HBEDT,Available beds in hospitals (HP.1),TOTAL,Total,PL,Poland,2021,,640.17,,,,,
dataflow,ESTAT:HLTH_RS_BDS1(1.0),Hospital beds by function and type of care,A,Annual,P_HTHAB,Per hundred thousand inhabitants,HBEDT,Available beds in hospitals (HP.1),TOTAL,Total,PL,Poland,2022,,629.49,,,,,
dataflow,ESTAT:HLTH_RS_BDS1(1.0),Hospital beds by function and type of care,A,Annual,P_HTHAB,Per hundred thousand inhabitants,HBEDT,Available beds in hospitals (HP.1),TOTAL,Total,PL,Poland,2023,,627.10,,,,,
dataflow,ESTAT:HLTH_RS_BDS1(1.0),Hospital beds by function and type of care,A,Annual,P_HTHAB,Per hundred thousand inhabitants,HBEDT,Available beds in hospitals (HP.1),TOTAL,Total,PT,Portugal,2015,,337.64,,,,,
dataflow,ESTAT:HLTH_RS_BDS1(1.0),Hospital beds by function and type of care,A,Annual,P_HTHAB,Per hundred thousand inhabitants,HBEDT,Available beds in hospitals (HP.1),TOTAL,Total,PT,Portugal,2016,,339.06,,,,,
dataflow,ESTAT:HLTH_RS_BDS1(1.0),Hospital beds by function and type of care,A,Annual,P_HTHAB,Per hundred thousand inhabitants,HBEDT,Available beds in hospitals (HP.1),TOTAL,Total,PT,Portugal,2017,,338.25,,,,,
dataflow,ESTAT:HLTH_RS_BDS1(1.0),Hospital beds by function and type of care,A,Annual,P_HTHAB,Per hundred thousand inhabitants,HBEDT,Available beds in hospitals (HP.1),TOTAL,Total,PT,Portugal,2018,,342.66,,,,,
dataflow,ESTAT:HLTH_RS_BDS1(1.0),Hospital beds by function and type of care,A,Annual,P_HTHAB,Per hundred thousand inhabitants,HBEDT,Available beds in hospitals (HP.1),TOTAL,Total,PT,Portugal,2019,,348.57,,,,,
dataflow,ESTAT:HLTH_RS_BDS1(1.0),Hospital beds by function and type of care,A,Annual,P_HTHAB,Per hundred thousand inhabitants,HBEDT,Available beds in hospitals (HP.1),TOTAL,Total,PT,Portugal,2020,,346.84,,,,,
dataflow,ESTAT:HLTH_RS_BDS1(1.0),Hospital beds by function and type of care,A,Annual,P_HTHAB,Per hundred thousand inhabitants,HBEDT,Available beds in hospitals (HP.1),TOTAL,Total,PT,Portugal,2021,,348.74,,,,,
dataflow,ESTAT:HLTH_RS_BDS1(1.0),Hospital beds by function and type of care,A,Annual,P_HTHAB,Per hundred thousand inhabitants,HBEDT,Available beds in hospitals (HP.1),TOTAL,Total,PT,Portugal,2022,,343.15,,,,,
dataflow,ESTAT:HLTH_RS_BDS1(1.0),Hospital beds by function and type of care,A,Annual,P_HTHAB,Per hundred thousand inhabitants,HBEDT,Available beds in hospitals (HP.1),TOTAL,Total,PT,Portugal,2023,,338.00,,p,provisional,,
dataflow,ESTAT:HLTH_RS_BDS1(1.0),Hospital beds by function and type of care,A,Annual,P_HTHAB,Per hundred thousand inhabitants,HBEDT,Available beds in hospitals (HP.1),TOTAL,Total,RO,Romania,2015,,693.15,,,,,
dataflow,ESTAT:HLTH_RS_BDS1(1.0),Hospital beds by function and type of care,A,Annual,P_HTHAB,Per hundred thousand inhabitants,HBEDT,Available beds in hospitals (HP.1),TOTAL,Total,RO,Romania,2016,,694.14,,,,,
dataflow,ESTAT:HLTH_RS_BDS1(1.0),Hospital beds by function and type of care,A,Annual,P_HTHAB,Per hundred thousand inhabitants,HBEDT,Available beds in hospitals (HP.1),TOTAL,Total,RO,Romania,2017,,695.35,,,,,
dataflow,ESTAT:HLTH_RS_BDS1(1.0),Hospital beds by function and type of care,A,Annual,P_HTHAB,Per hundred thousand inhabitants,HBEDT,Available beds in hospitals (HP.1),TOTAL,Total,RO,Romania,2018,,698.92,,,,,
dataflow,ESTAT:HLTH_RS_BDS1(1.0),Hospital beds by function and type of care,A,Annual,P_HTHAB,Per hundred thousand inhabitants,HBEDT,Available beds in hospitals (HP.1),TOTAL,Total,RO,Romania,2019,,705.75,,,,,
dataflow,ESTAT:HLTH_RS_BDS1(1.0),Hospital beds by function and type of care,A,Annual,P_HTHAB,Per hundred thousand inhabitants,HBEDT,Available beds in hospitals (HP.1),TOTAL,Total,RO,Romania,2020,,712.12,,,,,
dataflow,ESTAT:HLTH_RS_BDS1(1.0),Hospital beds by function and type of care,A,Annual,P_HTHAB,Per hundred thousand inhabitants,HBEDT,Available beds in hospitals (HP.1),TOTAL,Total,RO,Romania,2021,,720.56,,,,,
dataflow,ESTAT:HLTH_RS_BDS1(1.0),Hospital beds by function and type of care,A,Annual,P_HTHAB,Per hundred thousand inhabitants,HBEDT,Available beds in hospitals (HP.1),TOTAL,Total,RO,Romania,2022,,727.71,,,,,
dataflow,ESTAT:HLTH_RS_BDS1(1.0),Hospital beds by function and type of care,A,Annual,P_HTHAB,Per hundred thousand inhabitants,HBEDT,Available beds in hospitals (HP.1),TOTAL,Total,RO,Romania,2023,,728.43,,,,,
dataflow,ESTAT:HLTH_RS_BDS1(1.0),Hospital beds by function and type of care,A,Annual,P_HTHAB,Per hundred thousand inhabitants,HBEDT,Available beds in hospitals (HP.1),TOTAL,Total,RS,Serbia,2015,,568.57,,d,definition differs (see metadata),,
dataflow,ESTAT:HLTH_RS_BDS1(1.0),Hospital beds by function and type of care,A,Annual,P_HTHAB,Per hundred thousand inhabitants,HBEDT,Available beds in hospitals (HP.1),TOTAL,Total,RS,Serbia,2016,,566.62,,d,definition differs (see metadata),,
dataflow,ESTAT:HLTH_RS_BDS1(1.0),Hospital beds by function and type of care,A,Annual,P_HTHAB,Per hundred thousand inhabitants,HBEDT,Available beds in hospitals (HP.1),TOTAL,Total,RS,Serbia,2017,,565.46,,d,definition differs (see metadata),,
dataflow,ESTAT:HLTH_RS_BDS1(1.0),Hospital beds by function and type of care,A,Annual,P_HTHAB,Per hundred thousand inhabitants,HBEDT,Available beds in hospitals (HP.1),TOTAL,Total,RS,Serbia,2018,,565.77,,d,definition differs (see metadata),,
dataflow,ESTAT:HLTH_RS_BDS1(1.0),Hospital beds by function and type of care,A,Annual,P_HTHAB,Per hundred thousand inhabitants,HBEDT,Available beds in hospitals (HP.1),TOTAL,Total,RS,Serbia,2019,,568.97,,d,definition differs (see metadata),,
dataflow,ESTAT:HLTH_RS_BDS1(1.0),Hospital beds by function and type of care,A,Annual,P_HTHAB,Per hundred thousand inhabitants,HBEDT,Available beds in hospitals (HP.1),TOTAL,Total,RS,Serbia,2020,,570.17,,d,definition differs (see metadata),,
dataflow,ESTAT:HLTH_RS_BDS1(1.0),Hospital beds by function and type of care,A,Annual,P_HTHAB,Per hundred thousand inhabitants,HBEDT,Available beds in hospitals (HP.1),TOTAL,Total,RS,Serbia,2021,,576.57,,d,definition differs (see metadata),,
dataflow,ESTAT:HLTH_RS_BDS1(1.0),Hospital beds by function and type of care,A,Annual,P_HTHAB,Per hundred thousand inhabitants,HBEDT,Available beds in hospitals (HP.1),TOTAL,Total,RS,Serbia,2022,,584.02,,d,definition differs (see metadata),,
dataflow,ESTAT:HLTH_RS_BDS1(1.0),Hospital beds by function and type of care,A,Annual,P_HTHAB,Per hundred thousand inhabitants,HBEDT,Available beds in hospitals (HP.1),TOTAL,Total,RS,Serbia,2023,,602.47,,d,definition differs (see metadata),,
dataflow,ESTAT:HLTH_RS_BDS1(1.0),Hospital beds by function and type of care,A,Annual,P_HTHAB,Per hundred thousand inhabitants,HBEDT,Available beds in hospitals (HP.1),TOTAL,Total,SE,Sweden,2015,,233.67,,,,,
dataflow,ESTAT:HLTH_RS_BDS1(1.0),Hospital beds by function and type of care,A,Annual,P_HTHAB,Per hundred thousand inhabitants,HBEDT,Available beds in hospitals (HP.1),TOTAL,Total,SE,Sweden,2016,,226.87,,,,,
dataflow,ESTAT:HLTH_RS_BDS1(1.0),Hospital beds by function and type of care,A,Annual,P_HTHAB,Per hundred thousand inhabitants,HBEDT,Available beds in hospitals (HP.1),TOTAL,Total,SE,Sweden,2017,,217.46,,,,,
dataflow,ESTAT:HLTH_RS_BDS1(1.0),Hospital beds by function and type of care,A,Annual,P_HTHAB,Per hundred thousand inhabitants,HBEDT,Available beds in hospitals (HP.1),TOTAL,Total,SE,Sweden,2018,,212.18,,,,,
dataflow,ESTAT:HLTH_RS_BDS1(1.0),Hospital beds by function and type of care,A,Annual,P_HTHAB,Per hundred thousand inhabitants,HBEDT,Available beds in hospitals (HP.1),TOTAL,Total,SE,Sweden,2019,,207.03,,,,,
dataflow,ESTAT:HLTH_RS_BDS1(1.0),Hospital beds by function and type of care,A,Annual,P_HTHAB,Per hundred thousand inhabitants,HBEDT,Available beds in hospitals (HP.1),TOTAL,Total,SE,Sweden,2020,,204.61,,,,,
dataflow,ESTAT:HLTH_RS_BDS1(1.0),Hospital beds by function and type of care,A,Annual,P_HTHAB,Per hundred thousand inhabitants,HBEDT,Available beds in hospitals (HP.1),TOTAL,Total,SE,Sweden,2021,,200.23,,,,,
dataflow,ESTAT:HLTH_RS_BDS1(1.0),Hospital beds by function and type of care,A,Annual,P_HTHAB,Per hundred thousand inhabitants,HBEDT,Available beds in hospitals (HP.1),TOTAL,Total,SE,Sweden,2022,,189.96,,,,,
dataflow,ESTAT:HLTH_RS_BDS1(1.0),Hospital beds by function and type of care,A,Annual,P_HTHAB,Per hundred thousand inhabitants,HBEDT,Available beds in hospitals (HP.1),TOTAL,Total,SE,Sweden,2023,,187.41,,,,,
dataflow,ESTAT:HLTH_RS_BDS1(1.0),Hospital beds by function and type of care,A,Annual,P_HTHAB,Per hundred thousand inhabitants,HBEDT,Available beds in hospitals (HP.1),TOTAL,Total,SI,Slovenia,2015,,447.64,,,,,
dataflow,ESTAT:HLTH_RS_BDS1(1.0),Hospital beds by function and type of care,A,Annual,P_HTHAB,Per hundred thousand inhabitants,HBEDT,Available beds in hospitals (HP.1),TOTAL,Total,SI,Slovenia,2016,,445.29,,,,,
dataflow,ESTAT:HLTH_RS_BDS1(1.0),Hospital beds by function and type of care,A,Annual,P_HTHAB,Per hundred thousand inhabitants,HBEDT,Available beds in hospitals (HP.1),TOTAL,Total,SI,Slovenia,2017,,446.63,,,,,
dataflow,ESTAT:HLTH_RS_BDS1(1.0),Hospital beds by function and type of care,A,Annual,P_HTHAB,Per hundred thousand inhabitants,HBEDT,Available beds in hospitals (HP.1),TOTAL,Total,SI,Slovenia,2018,,441.30,,,,,
dataflow,ESTAT:HLTH_RS_BDS1(1.0),Hospital beds by function and type of care,A,Annual,P_HTHAB,Per hundred thousand inhabitants,HBEDT,Available beds in hospitals (HP.1),TOTAL,Total,SI,Slovenia,2019,,443.21,,,,,
dataflow,ESTAT:HLTH_RS_BDS1(1.0),Hospital beds by function and type of care,A,Annual,P_HTHAB,Per hundred thousand inhabitants,HBEDT,Available beds in hospitals (HP.1),TOTAL,Total,SI,Slovenia,2020,,427.79,,,,,
dataflow,ESTAT:HLTH_RS_BDS1(1.0),Hospital beds by function and type of care,A,Annual,P_HTHAB,Per hundred thousand inhabitants,HBEDT,Available beds in hospitals (HP.1),TOTAL,Total,SI,Slovenia,2021,,424.94,,,,,
dataflow,ESTAT:HLTH_RS_BDS1(1.0),Hospital beds by function and type of care,A,Annual,P_HTHAB,Per hundred thousand inhabitants,HBEDT,Available beds in hospitals (HP.1),TOTAL,Total,SI,Slovenia,2022,,412.11,,,,,
dataflow,ESTAT:HLTH_RS_BDS1(1.0),Hospital beds by function and type of care,A,Annual,P_HTHAB,Per hundred thousand inhabitants,HBEDT,Available beds in hospitals (HP.1),TOTAL,Total,SI,Slovenia,2023,,404.77,,,,,
dataflow,ESTAT:HLTH_RS_BDS1(1.0),Hospital beds by function and type of care,A,Annual,P_HTHAB,Per hundred thousand inhabitants,HBEDT,Available beds in hospitals (HP.1),TOTAL,Total,SK,Slovakia,2015,,571.92,,,,,
dataflow,ESTAT:HLTH_RS_BDS1(1.0),Hospital beds by function and type of care,A,Annual,P_HTHAB,Per hundred thousand inhabitants,HBEDT,Available beds in hospitals (HP.1),TOTAL,Total,SK,Slovakia,2016,,576.32,,,,,
dataflow,ESTAT:HLTH_RS_BDS1(1.0),Hospital beds by function and type of care,A,Annual,P_HTHAB,Per hundred thousand inhabitants,HBEDT,Available beds in hospitals (HP.1),TOTAL,Total,SK,Slovakia,2017,,580.85,,,,,
dataflow,ESTAT:HLTH_RS_BDS1(1.0),Hospital beds by function and type of care,A,Annual,P_HTHAB,Per hundred thousand inhabitants,HBEDT,Available beds in hospitals (HP.1),TOTAL,Total,SK,Slovakia,2018,,569.24,,b,break in time series,,
dataflow,ESTAT:HLTH_RS_BDS1(1.0),Hospital beds by function and type of care,A,Annual,P_HTHAB,Per hundred thousand inhabitants,HBEDT,Available beds in hospitals (HP.1),TOTAL,Total,SK,Slovakia,2019,,576.11,,,,,
dataflow,ESTAT:HLTH_RS_BDS1(1.0),Hospital beds by function and type of care,A,Annual,P_HTHAB,Per hundred thousand inhabitants,HBEDT,Available beds in hospitals (HP.1),TOTAL,Total,SK,Slovakia,2020,,568.18,,,,,
dataflow,ESTAT:HLTH_RS_BDS1(1.0),Hospital beds by function and type of care,A,Annual,P_HTHAB,Per hundred thousand inhabitants,HBEDT,Available beds in hospitals (HP.1),TOTAL,Total,SK,Slovakia,2021,,567.46,,,,,
dataflow,ESTAT:HLTH_RS_BDS1(1.0),Hospital beds by function and type of care,A,Annual,P_HTHAB,Per hundred thousand inhabitants,HBEDT,Available beds in hospitals (HP.1),TOTAL,Total,SK,Slovakia,2022,,569.13,,,,,
dataflow,ESTAT:HLTH_RS_BDS1(1.0),Hospital beds by function and type of care,A,Annual,P_HTHAB,Per hundred thousand inhabitants,HBEDT,Available beds in hospitals (HP.1),TOTAL,Total,SK,Slovakia,2023,,566.05,,,,,
dataflow,ESTAT:HLTH_RS_BDS1(1.0),Hospital beds by function and type of care,A,Annual,P_HTHAB,Per hundred thousand inhabitants,HBEDT,Available beds in hospitals (HP.1),TOTAL,Total,TR,Trkiye,2015,,255.66,,,,,
dataflow,ESTAT:HLTH_RS_BDS1(1.0),Hospital beds by function and type of care,A,Annual,P_HTHAB,Per hundred thousand inhabitants,HBEDT,Available beds in hospitals (HP.1),TOTAL,Total,TR,Trkiye,2016,,265.56,,,,,
dataflow,ESTAT:HLTH_RS_BDS1(1.0),Hospital beds by function and type of care,A,Annual,P_HTHAB,Per hundred thousand inhabitants,HBEDT,Available beds in hospitals (HP.1),TOTAL,Total,TR,Trkiye,2017,,275.43,,,,,
dataflow,ESTAT:HLTH_RS_BDS1(1.0),Hospital beds by function and type of care,A,Annual,P_HTHAB,Per hundred thousand inhabitants,HBEDT,Available beds in hospitals (HP.1),TOTAL,Total,TR,Trkiye,2018,,282.81,,,,,
dataflow,ESTAT:HLTH_RS_BDS1(1.0),Hospital beds by function and type of care,A,Annual,P_HTHAB,Per hundred thousand inhabitants,HBEDT,Available beds in hospitals (HP.1),TOTAL,Total,TR,Trkiye,2019,,287.61,,,,,
dataflow,ESTAT:HLTH_RS_BDS1(1.0),Hospital beds by function and type of care,A,Annual,P_HTHAB,Per hundred thousand inhabitants,HBEDT,Available beds in hospitals (HP.1),TOTAL,Total,TR,Trkiye,2020,,301.23,,,,,
dataflow,ESTAT:HLTH_RS_BDS1(1.0),Hospital beds by function and type of care,A,Annual,P_HTHAB,Per hundred thousand inhabitants,HBEDT,Available beds in hospitals (HP.1),TOTAL,Total,TR,Trkiye,2021,,302.44,,,,,
dataflow,ESTAT:HLTH_RS_BDS1(1.0),Hospital beds by function and type of care,A,Annual,P_HTHAB,Per hundred thousand inhabitants,HBEDT,Available beds in hospitals (HP.1),TOTAL,Total,TR,Trkiye,2022,,308.53,,,,,
dataflow,ESTAT:HLTH_RS_BDS1(1.0),Hospital beds by function and type of care,A,Annual,P_HTHAB,Per hundred thousand inhabitants,HBEDT,Available beds in hospitals (HP.1),TOTAL,Total,TR,Trkiye,2023,,312.44,,,,,
