STRUCTURE,STRUCTURE_ID,STRUCTURE_NAME,freq,Time frequency,unit,Unit of measure,sex,Sex,age,Age class,geo,Geopolitical entity (reporting),TIME_PERIOD,Time,OBS_VALUE,Observation value,OBS_FLAG,Observation status (Flag) V2 structure,CONF_STATUS,Confidentiality status (flag)
dataflow,ESTAT:TRNG_LFSE_01(1.0),Participation rate in education and training (last 4 weeks),A,Annual,PC,Percentage,T,Total,Y25-74,From 25 to 74 years,AT,Austria,2015,,12.9,,,,,
dataflow,ESTAT:TRNG_LFSE_01(1.0),Participation rate in education and training (last 4 weeks),A,Annual,PC,Percentage,T,Total,Y25-74,From 25 to 74 years,AT,Austria,2016,,13.3,,,,,
dataflow,ESTAT:TRNG_LFSE_01(1.0),Participation rate in education and training (last 4 weeks),A,Annual,PC,Percentage,T,Total,Y25-74,From 25 to 74 years,AT,Austria,2017,,14.1,,,,,
dataflow,ESTAT:TRNG_LFSE_01(1.0),Participation rate in education and training (last 4 weeks),A,Annual,PC,Percentage,T,Total,Y25-74,From 25 to 74 years,AT,Austria,2018,,13.6,,,,,
dataflow,ESTAT:TRNG_LFSE_01(1.0),Participation rate in education and training (last 4 weeks),A,Annual,PC,Percentage,T,Total,Y25-74,From 25 to 74 years,AT,Austria,2019,,13.1,,,,,
dataflow,ESTAT:TRNG_LFSE_01(1.0),Participation rate in education and training (last 4 weeks),A,Annual,PC,Percentage,T,Total,Y25-74,From 25 to 74 years,AT,Austria,2020,,10.3,,,,,
dataflow,ESTAT:TRNG_LFSE_01(1.0),Participation rate in education and training (last 4 weeks),A,Annual,PC,Percentage,T,Total,Y25-74,From 25 to 74 years,AT,Austria,2021,,12.7,,b,break in time series,,
dataflow,ESTAT:TRNG_LFSE_01(1.0),Participation rate in education and training (last 4 weeks),A,Annual,PC,Percentage,T,Total,Y25-74,From 25 to 74 years,AT,Austria,2022,,13.8,,,,,
dataflow,ESTAT:TRNG_LFSE_01(1.0),Participation rate in education and training (last 4 weeks),A,Annual,PC,Percentage,T,Total,Y25-74,From 25 to 74 years,AT,Austria,2023,,15.0,,,,,
dataflow,ESTAT:TRNG_LFSE_01(1.0),Participation rate in education and training (last 4 weeks),A,Annual,PC,Percentage,T,Total,Y25-74,From 25 to 74 years,AT,Austria,2024,,15.5,,,,,
dataflow,ESTAT:TRNG_LFSE_01(1.0),Participation rate in education and training (last 4 weeks),A,Annual,PC,Percentage,T,Total,Y25-74,From 25 to 74 years,BA,Bosnia and Herzegovina,2021,,1.8,,,,,
dataflow,ESTAT:TRNG_LFSE_01(1.0),Participation rate in education and training (last 4 weeks),A,Annual,PC,Percentage,T,Total,Y25-74,From 25 to 74 years,BA,Bosnia and Herzegovina,2022,,1.5,,,,,
dataflow,ESTAT:TRNG_LFSE_01(1.0),Participation rate in education and training (last 4 weeks),A,Annual,PC,Percentage,T,Total,Y25-74,From 25 to 74 years,BA,Bosnia and Herzegovina,2023,,1.5,,,,,
dataflow,ESTAT:TRNG_LFSE_01(1.0),Participation rate in education and training (last 4 weeks),A,Annual,PC,Percentage,T,Total,Y25-74,From 25 to 74 years,BA,Bosnia and Herzegovina,2024,,1.3,,,,,
dataflow,ESTAT:TRNG_LFSE_01(1.0),Participation rate in education and training (last 4 weeks),A,Annual,PC,Percentage,T,Total,Y25-74,From 25 to 74 years,BE,Belgium,2015,,6.2,,,,,
dataflow,ESTAT:TRNG_LFSE_01(1.0),Participation rate in education and training (last 4 weeks),A,Annual,PC,Percentage,T,Total,Y25-74,From 25 to 74 years,BE,Belgium,2016,,6.2,,,,,
dataflow,ESTAT:TRNG_LFSE_01(1.0),Participation rate in education and training (last 4 weeks),A,Annual,PC,Percentage,T,Total,Y25-74,From 25 to 74 years,BE,Belgium,2017,,7.4,,b,break in time series,,
dataflow,ESTAT:TRNG_LFSE_01(1.0),Participation rate in education and training (last 4 weeks),A,Annual,PC,Percentage,T,Total,Y25-74,From 25 to 74 years,BE,Belgium,2018,,7.5,,,,,
dataflow,ESTAT:TRNG_LFSE_01(1.0),Participation rate in education and training (last 4 weeks),A,Annual,PC,Percentage,T,Total,Y25-74,From 25 to 74 years,BE,Belgium,2019,,7.2,,,,,
dataflow,ESTAT:TRNG_LFSE_01(1.0),Participation rate in education and training (last 4 weeks),A,Annual,PC,Percentage,T,Total,Y25-74,From 25 to 74 years,BE,Belgium,2020,,6.4,,,,,
dataflow,ESTAT:TRNG_LFSE_01(1.0),Participation rate in education and training (last 4 weeks),A,Annual,PC,Percentage,T,Total,Y25-74,From 25 to 74 years,BE,Belgium,2021,,8.9,,b,break in time series,,
dataflow,ESTAT:TRNG_LFSE_01(1.0),Participation rate in education and training (last 4 weeks),A,Annual,PC,Percentage,T,Total,Y25-74,From 25 to 74 years,BE,Belgium,2022,,9.0,,,,,
dataflow,ESTAT:TRNG_LFSE_01(1.0),Participation rate in education and training (last 4 weeks),A,Annual,PC,Percentage,T,Total,Y25-74,From 25 to 74 years,BE,Belgium,2023,,9.6,,,,,
dataflow,ESTAT:TRNG_LFSE_01(1.0),Participation rate in education and training (last 4 weeks),A,Annual,PC,Percentage,T,Total,Y25-74,From 25 to 74 years,BE,Belgium,2024,,13.0,,b,break in time series,,
dataflow,ESTAT:TRNG_LFSE_01(1.0),Participation rate in education and training (last 4 weeks),A,Annual,PC,Percentage,T,Total,Y25-74,From 25 to 74 years,BG,Bulgaria,2015,,1.7,,,,,
dataflow,ESTAT:TRNG_LFSE_01(1.0),Participation rate in education and training (last 4 weeks),A,Annual,PC,Percentage,T,Total,Y25-74,From 25 to 74 years,BG,Bulgaria,2016,,1.8,,,,,
dataflow,ESTAT:TRNG_LFSE_01(1.0),Participation rate in education and training (last 4 weeks),A,Annual,PC,Percentage,T,Total,Y25-74,From 25 to 74 years,BG,Bulgaria,2017,,1.9,,,,,
dataflow,ESTAT:TRNG_LFSE_01(1.0),Participation rate in education and training (last 4 weeks),A,Annual,PC,Percentage,T,Total,Y25-74,From 25 to 74 years,BG,Bulgaria,2018,,2.0,,,,,
dataflow,ESTAT:TRNG_LFSE_01(1.0),Participation rate in education and training (last 4 weeks),A,Annual,PC,Percentage,T,Total,Y25-74,From 25 to 74 years,BG,Bulgaria,2019,,1.5,,b,break in time series,,
dataflow,ESTAT:TRNG_LFSE_01(1.0),Participation rate in education and training (last 4 weeks),A,Annual,PC,Percentage,T,Total,Y25-74,From 25 to 74 years,BG,Bulgaria,2020,,1.2,,,,,
dataflow,ESTAT:TRNG_LFSE_01(1.0),Participation rate in education and training (last 4 weeks),A,Annual,PC,Percentage,T,Total,Y25-74,From 25 to 74 years,BG,Bulgaria,2021,,1.4,,b,break in time series,,
dataflow,ESTAT:TRNG_LFSE_01(1.0),Participation rate in education and training (last 4 weeks),A,Annual,PC,Percentage,T,Total,Y25-74,From 25 to 74 years,BG,Bulgaria,2022,,1.3,,,,,
dataflow,ESTAT:TRNG_LFSE_01(1.0),Participation rate in education and training (last 4 weeks),A,Annual,PC,Percentage,T,Total,Y25-74,From 25 to 74 years,BG,Bulgaria,2023,,1.1,,,,,
dataflow,ESTAT:TRNG_LFSE_01(1.0),Participation rate in education and training (last 4 weeks),A,Annual,PC,Percentage,T,Total,Y25-74,From 25 to 74 years,BG,Bulgaria,2024,,1.5,,b,break in time series,,
dataflow,ESTAT:TRNG_LFSE_01(1.0),Participation rate in education and training (last 4 weeks),A,Annual,PC,Percentage,T,Total,Y25-74,From 25 to 74 years,CH,Switzerland,2015,,28.4,,,,,
dataflow,ESTAT:TRNG_LFSE_01(1.0),Participation rate in education and training (last 4 weeks),A,Annual,PC,Percentage,T,Total,Y25-74,From 25 to 74 years,CH,Switzerland,2016,,28.8,,,,,
dataflow,ESTAT:TRNG_LFSE_01(1.0),Participation rate in education and training (last 4 weeks),A,Annual,PC,Percentage,T,Total,Y25-74,From 25 to 74 years,CH,Switzerland,2017,,28.6,,,,,
dataflow,ESTAT:TRNG_LFSE_01(1.0),Participation rate in education and training (last 4 weeks),A,Annual,PC,Percentage,T,Total,Y25-74,From 25 to 74 years,CH,Switzerland,2018,,28.9,,,,,
dataflow,ESTAT:TRNG_LFSE_01(1.0),Participation rate in education and training (last 4 weeks),A,Annual,PC,Percentage,T,Total,Y25-74,From 25 to 74 years,CH,Switzerland,2019,,29.5,,,,,
dataflow,ESTAT:TRNG_LFSE_01(1.0),Participation rate in education and training (last 4 weeks),A,Annual,PC,Percentage,T,Total,Y25-74,From 25 to 74 years,CH,Switzerland,2020,,24.9,,,,,
dataflow,ESTAT:TRNG_LFSE_01(1.0),Participation rate in education and training (last 4 weeks),A,Annual,PC,Percentage,T,Total,Y25-74,From 25 to 74 years,CH,Switzerland,2021,,20.3,,b,break in time series,,
dataflow,ESTAT:TRNG_LFSE_01(1.0),Participation rate in education and training (last 4 weeks),A,Annual,PC,Percentage,T,Total,Y25-74,From 25 to 74 years,CH,Switzerland,2022,,19.4,,,,,
dataflow,ESTAT:TRNG_LFSE_01(1.0),Participation rate in education and training (last 4 weeks),A,Annual,PC,Percentage,T,Total,Y25-74,From 25 to 74 years,CH,Switzerland,2023,,24.3,,,,,
dataflow,ESTAT:TRNG_LFSE_01(1.0),Participation rate in education and training (last 4 weeks),A,Annual,PC,Percentage,T,Total,Y25-74,From 25 to 74 years,CH,Switzerland,2024,,23.6,,,,,
dataflow,ESTAT:TRNG_LFSE_01(1.0),Participation rate in education and training (last 4 weeks),A,Annual,PC,Percentage,T,Total,Y25-74,From 25 to 74 years,CY,Cyprus,2015,,6.8,,,,,
dataflow,ESTAT:TRNG_LFSE_01(1.0),Participation rate in education and training (last 4 weeks),A,Annual,PC,Percentage,T,Total,Y25-74,From 25 to 74 years,CY,Cyprus,2016,,6.3,,,,,
dataflow,ESTAT:TRNG_LFSE_01(1.0),Participation rate in education and training (last 4 weeks),A,Annual,PC,Percentage,T,Total,Y25-74,From 25 to 74 years,CY,Cyprus,2017,,6.3,,,,,
dataflow,ESTAT:TRNG_LFSE_01(1.0),Participation rate in education and training (last 4 weeks),A,Annual,PC,Percentage,T,Total,Y25-74,From 25 to 74 years,CY,Cyprus,2018,,6.1,,,,,
dataflow,ESTAT:TRNG_LFSE_01(1.0),Participation rate in education and training (last 4 weeks),A,Annual,PC,Percentage,T,Total,Y25-74,From 25 to 74 years,CY,Cyprus,2019,,5.3,,,,,
dataflow,ESTAT:TRNG_LFSE_01(1.0),Participation rate in education and training (last 4 weeks),A,Annual,PC,Percentage,T,Total,Y25-74,From 25 to 74 years,CY,Cyprus,2020,,4.1,,,,,
dataflow,ESTAT:TRNG_LFSE_01(1.0),Participation rate in education and training (last 4 weeks),A,Annual,PC,Percentage,T,Total,Y25-74,From 25 to 74 years,CY,Cyprus,2021,,8.4,,b,break in time series,,
dataflow,ESTAT:TRNG_LFSE_01(1.0),Participation rate in education and training (last 4 weeks),A,Annual,PC,Percentage,T,Total,Y25-74,From 25 to 74 years,CY,Cyprus,2022,,9.2,,,,,
dataflow,ESTAT:TRNG_LFSE_01(1.0),Participation rate in education and training (last 4 weeks),A,Annual,PC,Percentage,T,Total,Y25-74,From 25 to 74 years,CY,Cyprus,2023,,9.6,,,,,
dataflow,ESTAT:TRNG_LFSE_01(1.0),Participation rate in education and training (last 4 weeks),A,Annual,PC,Percentage,T,Total,Y25-74,From 25 to 74 years,CY,Cyprus,2024,,10.0,,,,,
dataflow,ESTAT:TRNG_LFSE_01(1.0),Participation rate in education and training (last 4 weeks),A,Annual,PC,Percentage,T,Total,Y25-74,From 25 to 74 years,CZ,Czechia,2015,,7.8,,,,,
dataflow,ESTAT:TRNG_LFSE_01(1.0),Participation rate in education and training (last 4 weeks),A,Annual,PC,Percentage,T,Total,Y25-74,From 25 to 74 years,CZ,Czechia,2016,,8.0,,,,,
dataflow,ESTAT:TRNG_LFSE_01(1.0),Participation rate in education and training (last 4 weeks),A,Annual,PC,Percentage,T,Total,Y25-74,From 25 to 74 years,CZ,Czechia,2017,,8.9,,,,,
dataflow,ESTAT:TRNG_LFSE_01(1.0),Participation rate in education and training (last 4 weeks),A,Annual,PC,Percentage,T,Total,Y25-74,From 25 to 74 years,CZ,Czechia,2018,,7.8,,,,,
dataflow,ESTAT:TRNG_LFSE_01(1.0),Participation rate in education and training (last 4 weeks),A,Annual,PC,Percentage,T,Total,Y25-74,From 25 to 74 years,CZ,Czechia,2019,,7.4,,,,,
dataflow,ESTAT:TRNG_LFSE_01(1.0),Participation rate in education and training (last 4 weeks),A,Annual,PC,Percentage,T,Total,Y25-74,From 25 to 74 years,CZ,Czechia,2020,,5.0,,,,,
dataflow,ESTAT:TRNG_LFSE_01(1.0),Participation rate in education and training (last 4 weeks),A,Annual,PC,Percentage,T,Total,Y25-74,From 25 to 74 years,CZ,Czechia,2021,,5.0,,b,break in time series,,
dataflow,ESTAT:TRNG_LFSE_01(1.0),Participation rate in education and training (last 4 weeks),A,Annual,PC,Percentage,T,Total,Y25-74,From 25 to 74 years,CZ,Czechia,2022,,7.8,,,,,
dataflow,ESTAT:TRNG_LFSE_01(1.0),Participation rate in education and training (last 4 weeks),A,Annual,PC,Percentage,T,Total,Y25-74,From 25 to 74 years,CZ,Czechia,2023,,8.3,,,,,
dataflow,ESTAT:TRNG_LFSE_01(1.0),Participation rate in education and training (last 4 weeks),A,Annual,PC,Percentage,T,Total,Y25-74,From 25 to 74 years,CZ,Czechia,2024,,9.1,,,,,
dataflow,ESTAT:TRNG_LFSE_01(1.0),Participation rate in education and training (last 4 weeks),A,Annual,PC,Percentage,T,Total,Y25-74,From 25 to 74 years,DE,Germany,2015,,7.0,,,,,
dataflow,ESTAT:TRNG_LFSE_01(1.0),Participation rate in education and training (last 4 weeks),A,Annual,PC,Percentage,T,Total,Y25-74,From 25 to 74 years,DE,Germany,2016,,7.3,,,,,
dataflow,ESTAT:TRNG_LFSE_01(1.0),Participation rate in education and training (last 4 weeks),A,Annual,PC,Percentage,T,Total,Y25-74,From 25 to 74 years,DE,Germany,2017,,7.3,,,,,
dataflow,ESTAT:TRNG_LFSE_01(1.0),Participation rate in education and training (last 4 weeks),A,Annual,PC,Percentage,T,Total,Y25-74,From 25 to 74 years,DE,Germany,2018,,7.1,,,,,
dataflow,ESTAT:TRNG_LFSE_01(1.0),Participation rate in education and training (last 4 weeks),A,Annual,PC,Percentage,T,Total,Y25-74,From 25 to 74 years,DE,Germany,2019,,7.1,,,,,
dataflow,ESTAT:TRNG_LFSE_01(1.0),Participation rate in education and training (last 4 weeks),A,Annual,PC,Percentage,T,Total,Y25-74,From 25 to 74 years,DE,Germany,2020,,6.6,,b,break in time series,,
dataflow,ESTAT:TRNG_LFSE_01(1.0),Participation rate in education and training (last 4 weeks),A,Annual,PC,Percentage,T,Total,Y25-74,From 25 to 74 years,DE,Germany,2021,,6.5,,b,break in time series,,
dataflow,ESTAT:TRNG_LFSE_01(1.0),Participation rate in education and training (last 4 weeks),A,Annual,PC,Percentage,T,Total,Y25-74,From 25 to 74 years,DE,Germany,2022,,6.8,,,,,
dataflow,ESTAT:TRNG_LFSE_01(1.0),Participation rate in education and training (last 4 weeks),A,Annual,PC,Percentage,T,Total,Y25-74,From 25 to 74 years,DE,Germany,2023,,6.9,,,,,
dataflow,ESTAT:TRNG_LFSE_01(1.0),Participation rate in education and training (last 4 weeks),A,Annual,PC,Percentage,T,Total,Y25-74,From 25 to 74 years,DE,Germany,2024,,8.0,,b,break in time series,,
dataflow,ESTAT:TRNG_LFSE_01(1.0),Participation rate in education and training (last 4 weeks),A,Annual,PC,Percentage,T,Total,Y25-74,From 25 to 74 years,DK,Denmark,2015,,29.5,,,,,
dataflow,ESTAT:TRNG_LFSE_01(1.0),Participation rate in education and training (last 4 weeks),A,Annual,PC,Percentage,T,Total,Y25-74,From 25 to 74 years,DK,Denmark,2016,,26.3,,b,break in time series,,
dataflow,ESTAT:TRNG_LFSE_01(1.0),Participation rate in education and training (last 4 weeks),A,Annual,PC,Percentage,T,Total,Y25-74,From 25 to 74 years,DK,Denmark,2017,,24.6,,b,break in time series,,
dataflow,ESTAT:TRNG_LFSE_01(1.0),Participation rate in education and training (last 4 weeks),A,Annual,PC,Percentage,T,Total,Y25-74,From 25 to 74 years,DK,Denmark,2018,,21.3,,,,,
dataflow,ESTAT:TRNG_LFSE_01(1.0),Participation rate in education and training (last 4 weeks),A,Annual,PC,Percentage,T,Total,Y25-74,From 25 to 74 years,DK,Denmark,2019,,23.4,,,,,
dataflow,ESTAT:TRNG_LFSE_01(1.0),Participation rate in education and training (last 4 weeks),A,Annual,PC,Percentage,T,Total,Y25-74,From 25 to 74 years,DK,Denmark,2020,,18.3,,,,,
dataflow,ESTAT:TRNG_LFSE_01(1.0),Participation rate in education and training (last 4 weeks),A,Annual,PC,Percentage,T,Total,Y25-74,From 25 to 74 years,DK,Denmark,2021,,20.3,,b,break in time series,,
dataflow,ESTAT:TRNG_LFSE_01(1.0),Participation rate in education and training (last 4 weeks),A,Annual,PC,Percentage,T,Total,Y25-74,From 25 to 74 years,DK,Denmark,2022,,25.8,,,,,
dataflow,ESTAT:TRNG_LFSE_01(1.0),Participation rate in education and training (last 4 weeks),A,Annual,PC,Percentage,T,Total,Y25-74,From 25 to 74 years,DK,Denmark,2023,,28.9,,,,,
dataflow,ESTAT:TRNG_LFSE_01(1.0),Participation rate in education and training (last 4 weeks),A,Annual,PC,Percentage,T,Total,Y25-74,From 25 to 74 years,DK,Denmark,2024,,29.9,,,,,
dataflow,ESTAT:TRNG_LFSE_01(1.0),Participation rate in education and training (last 4 weeks),A,Annual,PC,Percentage,T,Total,Y25-74,From 25 to 74 years,EA20,Euro area – 20 countries (from 2023),2015,,9.5,,,,,
dataflow,ESTAT:TRNG_LFSE_01(1.0),Participation rate in education and training (last 4 weeks),A,Annual,PC,Percentage,T,Total,Y25-74,From 25 to 74 years,EA20,Euro area – 20 countries (from 2023),2016,,9.8,,,,,
dataflow,ESTAT:TRNG_LFSE_01(1.0),Participation rate in education and training (last 4 weeks),A,Annual,PC,Percentage,T,Total,Y25-74,From 25 to 74 years,EA20,Euro area – 20 countries (from 2023),2017,,9.9,,,,,
dataflow,ESTAT:TRNG_LFSE_01(1.0),Participation rate in education and training (last 4 weeks),A,Annual,PC,Percentage,T,Total,Y25-74,From 25 to 74 years,EA20,Euro area – 20 countries (from 2023),2018,,10.0,,,,,
dataflow,ESTAT:TRNG_LFSE_01(1.0),Participation rate in education and training (last 4 weeks),A,Annual,PC,Percentage,T,Total,Y25-74,From 25 to 74 years,EA20,Euro area – 20 countries (from 2023),2019,,10.1,,,,,
dataflow,ESTAT:TRNG_LFSE_01(1.0),Participation rate in education and training (last 4 weeks),A,Annual,PC,Percentage,T,Total,Y25-74,From 25 to 74 years,EA20,Euro area – 20 countries (from 2023),2020,,8.5,,,,,
dataflow,ESTAT:TRNG_LFSE_01(1.0),Participation rate in education and training (last 4 weeks),A,Annual,PC,Percentage,T,Total,Y25-74,From 25 to 74 years,EA20,Euro area – 20 countries (from 2023),2021,,9.8,,b,break in time series,,
dataflow,ESTAT:TRNG_LFSE_01(1.0),Participation rate in education and training (last 4 weeks),A,Annual,PC,Percentage,T,Total,Y25-74,From 25 to 74 years,EA20,Euro area – 20 countries (from 2023),2022,,10.5,,,,,
dataflow,ESTAT:TRNG_LFSE_01(1.0),Participation rate in education and training (last 4 weeks),A,Annual,PC,Percentage,T,Total,Y25-74,From 25 to 74 years,EA20,Euro area – 20 countries (from 2023),2023,,11.3,,,,,
dataflow,ESTAT:TRNG_LFSE_01(1.0),Participation rate in education and training (last 4 weeks),A,Annual,PC,Percentage,T,Total,Y25-74,From 25 to 74 years,EA20,Euro area – 20 countries (from 2023),2024,,11.8,,,,,
dataflow,ESTAT:TRNG_LFSE_01(1.0),Participation rate in education and training (last 4 weeks),A,Annual,PC,Percentage,T,Total,Y25-74,From 25 to 74 years,EE,Estonia,2015,,10.4,,,,,
dataflow,ESTAT:TRNG_LFSE_01(1.0),Participation rate in education and training (last 4 weeks),A,Annual,PC,Percentage,T,Total,Y25-74,From 25 to 74 years,EE,Estonia,2016,,13.7,,,,,
dataflow,ESTAT:TRNG_LFSE_01(1.0),Participation rate in education and training (last 4 weeks),A,Annual,PC,Percentage,T,Total,Y25-74,From 25 to 74 years,EE,Estonia,2017,,14.8,,,,,
dataflow,ESTAT:TRNG_LFSE_01(1.0),Participation rate in education and training (last 4 weeks),A,Annual,PC,Percentage,T,Total,Y25-74,From 25 to 74 years,EE,Estonia,2018,,17.1,,,,,
dataflow,ESTAT:TRNG_LFSE_01(1.0),Participation rate in education and training (last 4 weeks),A,Annual,PC,Percentage,T,Total,Y25-74,From 25 to 74 years,EE,Estonia,2019,,17.2,,,,,
dataflow,ESTAT:TRNG_LFSE_01(1.0),Participation rate in education and training (last 4 weeks),A,Annual,PC,Percentage,T,Total,Y25-74,From 25 to 74 years,EE,Estonia,2020,,14.4,,,,,
dataflow,ESTAT:TRNG_LFSE_01(1.0),Participation rate in education and training (last 4 weeks),A,Annual,PC,Percentage,T,Total,Y25-74,From 25 to 74 years,EE,Estonia,2021,,15.9,,b,break in time series,,
dataflow,ESTAT:TRNG_LFSE_01(1.0),Participation rate in education and training (last 4 weeks),A,Annual,PC,Percentage,T,Total,Y25-74,From 25 to 74 years,EE,Estonia,2022,,18.2,,,,,
dataflow,ESTAT:TRNG_LFSE_01(1.0),Participation rate in education and training (last 4 weeks),A,Annual,PC,Percentage,T,Total,Y25-74,From 25 to 74 years,EE,Estonia,2023,,20.1,,,,,
dataflow,ESTAT:TRNG_LFSE_01(1.0),Participation rate in education and training (last 4 weeks),A,Annual,PC,Percentage,T,Total,Y25-74,From 25 to 74 years,EE,Estonia,2024,,20.2,,,,,
dataflow,ESTAT:TRNG_LFSE_01(1.0),Participation rate in education and training (last 4 weeks),A,Annual,PC,Percentage,T,Total,Y25-74,From 25 to 74 years,EL,Greece,2015,,2.8,,,,,
dataflow,ESTAT:TRNG_LFSE_01(1.0),Participation rate in education and training (last 4 weeks),A,Annual,PC,Percentage,T,Total,Y25-74,From 25 to 74 years,EL,Greece,2016,,3.4,,,,,
dataflow,ESTAT:TRNG_LFSE_01(1.0),Participation rate in education and training (last 4 weeks),A,Annual,PC,Percentage,T,Total,Y25-74,From 25 to 74 years,EL,Greece,2017,,3.9,,,,,
dataflow,ESTAT:TRNG_LFSE_01(1.0),Participation rate in education and training (last 4 weeks),A,Annual,PC,Percentage,T,Total,Y25-74,From 25 to 74 years,EL,Greece,2018,,3.9,,,,,
dataflow,ESTAT:TRNG_LFSE_01(1.0),Participation rate in education and training (last 4 weeks),A,Annual,PC,Percentage,T,Total,Y25-74,From 25 to 74 years,EL,Greece,2019,,3.4,,,,,
dataflow,ESTAT:TRNG_LFSE_01(1.0),Participation rate in education and training (last 4 weeks),A,Annual,PC,Percentage,T,Total,Y25-74,From 25 to 74 years,EL,Greece,2020,,3.5,,,,,
dataflow,ESTAT:TRNG_LFSE_01(1.0),Participation rate in education and training (last 4 weeks),A,Annual,PC,Percentage,T,Total,Y25-74,From 25 to 74 years,EL,Greece,2021,,2.9,,b,break in time series,,
dataflow,ESTAT:TRNG_LFSE_01(1.0),Participation rate in education and training (last 4 weeks),A,Annual,PC,Percentage,T,Total,Y25-74,From 25 to 74 years,EL,Greece,2022,,3.0,,,,,
dataflow,ESTAT:TRNG_LFSE_01(1.0),Participation rate in education and training (last 4 weeks),A,Annual,PC,Percentage,T,Total,Y25-74,From 25 to 74 years,EL,Greece,2023,,2.8,,,,,
dataflow,ESTAT:TRNG_LFSE_01(1.0),Participation rate in education and training (last 4 weeks),A,Annual,PC,Percentage,T,Total,Y25-74,From 25 to 74 years,EL,Greece,2024,,3.6,,b,break in time series,,
dataflow,ESTAT:TRNG_LFSE_01(1.0),Participation rate in education and training (last 4 weeks),A,Annual,PC,Percentage,T,Total,Y25-74,From 25 to 74 years,ES,Spain,2015,,8.8,,,,,
dataflow,ESTAT:TRNG_LFSE_01(1.0),Participation rate in education and training (last 4 weeks),A,Annual,PC,Percentage,T,Total,Y25-74,From 25 to 74 years,ES,Spain,2016,,8.4,,,,,
dataflow,ESTAT:TRNG_LFSE_01(1.0),Participation rate in education and training (last 4 weeks),A,Annual,PC,Percentage,T,Total,Y25-74,From 25 to 74 years,ES,Spain,2017,,8.7,,,,,
dataflow,ESTAT:TRNG_LFSE_01(1.0),Participation rate in education and training (last 4 weeks),A,Annual,PC,Percentage,T,Total,Y25-74,From 25 to 74 years,ES,Spain,2018,,9.3,,,,,
dataflow,ESTAT:TRNG_LFSE_01(1.0),Participation rate in education and training (last 4 weeks),A,Annual,PC,Percentage,T,Total,Y25-74,From 25 to 74 years,ES,Spain,2019,,9.4,,,,,
dataflow,ESTAT:TRNG_LFSE_01(1.0),Participation rate in education and training (last 4 weeks),A,Annual,PC,Percentage,T,Total,Y25-74,From 25 to 74 years,ES,Spain,2020,,9.6,,,,,
dataflow,ESTAT:TRNG_LFSE_01(1.0),Participation rate in education and training (last 4 weeks),A,Annual,PC,Percentage,T,Total,Y25-74,From 25 to 74 years,ES,Spain,2021,,12.5,,b,break in time series,,
dataflow,ESTAT:TRNG_LFSE_01(1.0),Participation rate in education and training (last 4 weeks),A,Annual,PC,Percentage,T,Total,Y25-74,From 25 to 74 years,ES,Spain,2022,,13.3,,,,,
dataflow,ESTAT:TRNG_LFSE_01(1.0),Participation rate in education and training (last 4 weeks),A,Annual,PC,Percentage,T,Total,Y25-74,From 25 to 74 years,ES,Spain,2023,,13.9,,,,,
dataflow,ESTAT:TRNG_LFSE_01(1.0),Participation rate in education and training (last 4 weeks),A,Annual,PC,Percentage,T,Total,Y25-74,From 25 to 74 years,ES,Spain,2024,,14.1,,,,,
dataflow,ESTAT:TRNG_LFSE_01(1.0),Participation rate in education and training (last 4 weeks),A,Annual,PC,Percentage,T,Total,Y25-74,From 25 to 74 years,EU27_2020,European Union - 27 countries (from 2020),2015,,8.9,,,,,
dataflow,ESTAT:TRNG_LFSE_01(1.0),Participation rate in education and training (last 4 weeks),A,Annual,PC,Percentage,T,Total,Y25-74,From 25 to 74 years,EU27_2020,European Union - 27 countries (from 2020),2016,,9.1,,,,,
dataflow,ESTAT:TRNG_LFSE_01(1.0),Participation rate in education and training (last 4 weeks),A,Annual,PC,Percentage,T,Total,Y25-74,From 25 to 74 years,EU27_2020,European Union - 27 countries (from 2020),2017,,9.2,,,,,
dataflow,ESTAT:TRNG_LFSE_01(1.0),Participation rate in education and training (last 4 weeks),A,Annual,PC,Percentage,T,Total,Y25-74,From 25 to 74 years,EU27_2020,European Union - 27 countries (from 2020),2018,,9.4,,,,,
dataflow,ESTAT:TRNG_LFSE_01(1.0),Participation rate in education and training (last 4 weeks),A,Annual,PC,Percentage,T,Total,Y25-74,From 25 to 74 years,EU27_2020,European Union - 27 countries (from 2020),2019,,9.5,,,,,
dataflow,ESTAT:TRNG_LFSE_01(1.0),Participation rate in education and training (last 4 weeks),A,Annual,PC,Percentage,T,Total,Y25-74,From 25 to 74 years,EU27_2020,European Union - 27 countries (from 2020),2020,,7.9,,,,,
dataflow,ESTAT:TRNG_LFSE_01(1.0),Participation rate in education and training (last 4 weeks),A,Annual,PC,Percentage,T,Total,Y25-74,From 25 to 74 years,EU27_2020,European Union - 27 countries (from 2020),2021,,9.4,,b,break in time series,,
dataflow,ESTAT:TRNG_LFSE_01(1.0),Participation rate in education and training (last 4 weeks),A,Annual,PC,Percentage,T,Total,Y25-74,From 25 to 74 years,EU27_2020,European Union - 27 countries (from 2020),2022,,10.3,,,,,
dataflow,ESTAT:TRNG_LFSE_01(1.0),Participation rate in education and training (last 4 weeks),A,Annual,PC,Percentage,T,Total,Y25-74,From 25 to 74 years,EU27_2020,European Union - 27 countries (from 2020),2023,,11.1,,,,,
dataflow,ESTAT:TRNG_LFSE_01(1.0),Participation rate in education and training (last 4 weeks),A,Annual,PC,Percentage,T,Total,Y25-74,From 25 to 74 years,EU27_2020,European Union - 27 countries (from 2020),2024,,11.8,,,,,
dataflow,ESTAT:TRNG_LFSE_01(1.0),Participation rate in education and training (last 4 weeks),A,Annual,PC,Percentage,T,Total,Y25-74,From 25 to 74 years,FI,Finland,2015,,22.7,,,,,
dataflow,ESTAT:TRNG_LFSE_01(1.0),Participation rate in education and training (last 4 weeks),A,Annual,PC,Percentage,T,Total,Y25-74,From 25 to 74 years,FI,Finland,2016,,23.4,,,,,
dataflow,ESTAT:TRNG_LFSE_01(1.0),Participation rate in education and training (last 4 weeks),A,Annual,PC,Percentage,T,Total,Y25-74,From 25 to 74 years,FI,Finland,2017,,24.1,,,,,
dataflow,ESTAT:TRNG_LFSE_01(1.0),Participation rate in education and training (last 4 weeks),A,Annual,PC,Percentage,T,Total,Y25-74,From 25 to 74 years,FI,Finland,2018,,24.9,,,,,
dataflow,ESTAT:TRNG_LFSE_01(1.0),Participation rate in education and training (last 4 weeks),A,Annual,PC,Percentage,T,Total,Y25-74,From 25 to 74 years,FI,Finland,2019,,25.2,,,,,
dataflow,ESTAT:TRNG_LFSE_01(1.0),Participation rate in education and training (last 4 weeks),A,Annual,PC,Percentage,T,Total,Y25-74,From 25 to 74 years,FI,Finland,2020,,23.3,,,,,
dataflow,ESTAT:TRNG_LFSE_01(1.0),Participation rate in education and training (last 4 weeks),A,Annual,PC,Percentage,T,Total,Y25-74,From 25 to 74 years,FI,Finland,2021,,25.9,,b,break in time series,,
dataflow,ESTAT:TRNG_LFSE_01(1.0),Participation rate in education and training (last 4 weeks),A,Annual,PC,Percentage,T,Total,Y25-74,From 25 to 74 years,FI,Finland,2022,,21.8,,,,,
dataflow,ESTAT:TRNG_LFSE_01(1.0),Participation rate in education and training (last 4 weeks),A,Annual,PC,Percentage,T,Total,Y25-74,From 25 to 74 years,FI,Finland,2023,,22.8,,,,,
dataflow,ESTAT:TRNG_LFSE_01(1.0),Participation rate in education and training (last 4 weeks),A,Annual,PC,Percentage,T,Total,Y25-74,From 25 to 74 years,FI,Finland,2024,,25.3,,,,,
dataflow,ESTAT:TRNG_LFSE_01(1.0),Participation rate in education and training (last 4 weeks),A,Annual,PC,Percentage,T,Total,Y25-74,From 25 to 74 years,FR,France,2015,,16.5,,,,,
dataflow,ESTAT:TRNG_LFSE_01(1.0),Participation rate in education and training (last 4 weeks),A,Annual,PC,Percentage,T,Total,Y25-74,From 25 to 74 years,FR,France,2016,,16.7,,,,,
dataflow,ESTAT:TRNG_LFSE_01(1.0),Participation rate in education and training (last 4 weeks),A,Annual,PC,Percentage,T,Total,Y25-74,From 25 to 74 years,FR,France,2017,,16.5,,,,,
dataflow,ESTAT:TRNG_LFSE_01(1.0),Participation rate in education and training (last 4 weeks),A,Annual,PC,Percentage,T,Total,Y25-74,From 25 to 74 years,FR,France,2018,,16.2,,,,,
dataflow,ESTAT:TRNG_LFSE_01(1.0),Participation rate in education and training (last 4 weeks),A,Annual,PC,Percentage,T,Total,Y25-74,From 25 to 74 years,FR,France,2019,,17.0,,,,,
dataflow,ESTAT:TRNG_LFSE_01(1.0),Participation rate in education and training (last 4 weeks),A,Annual,PC,Percentage,T,Total,Y25-74,From 25 to 74 years,FR,France,2020,,11.1,,,,,
dataflow,ESTAT:TRNG_LFSE_01(1.0),Participation rate in education and training (last 4 weeks),A,Annual,PC,Percentage,T,Total,Y25-74,From 25 to 74 years,FR,France,2021,,9.7,,b,break in time series,,
dataflow,ESTAT:TRNG_LFSE_01(1.0),Participation rate in education and training (last 4 weeks),A,Annual,PC,Percentage,T,Total,Y25-74,From 25 to 74 years,FR,France,2022,,11.8,,,,,
dataflow,ESTAT:TRNG_LFSE_01(1.0),Participation rate in education and training (last 4 weeks),A,Annual,PC,Percentage,T,Total,Y25-74,From 25 to 74 years,FR,France,2023,,13.3,,,,,
dataflow,ESTAT:TRNG_LFSE_01(1.0),Participation rate in education and training (last 4 weeks),A,Annual,PC,Percentage,T,Total,Y25-74,From 25 to 74 years,FR,France,2024,,13.7,,,,,
dataflow,ESTAT:TRNG_LFSE_01(1.0),Participation rate in education and training (last 4 weeks),A,Annual,PC,Percentage,T,Total,Y25-74,From 25 to 74 years,HR,Croatia,2015,,2.7,,,,,
dataflow,ESTAT:TRNG_LFSE_01(1.0),Participation rate in education and training (last 4 weeks),A,Annual,PC,Percentage,T,Total,Y25-74,From 25 to 74 years,HR,Croatia,2016,,2.5,,,,,
dataflow,ESTAT:TRNG_LFSE_01(1.0),Participation rate in education and training (last 4 weeks),A,Annual,PC,Percentage,T,Total,Y25-74,From 25 to 74 years,HR,Croatia,2017,,1.9,,,,,
dataflow,ESTAT:TRNG_LFSE_01(1.0),Participation rate in education and training (last 4 weeks),A,Annual,PC,Percentage,T,Total,Y25-74,From 25 to 74 years,HR,Croatia,2018,,2.3,,,,,
dataflow,ESTAT:TRNG_LFSE_01(1.0),Participation rate in education and training (last 4 weeks),A,Annual,PC,Percentage,T,Total,Y25-74,From 25 to 74 years,HR,Croatia,2019,,2.8,,,,,
dataflow,ESTAT:TRNG_LFSE_01(1.0),Participation rate in education and training (last 4 weeks),A,Annual,PC,Percentage,T,Total,Y25-74,From 25 to 74 years,HR,Croatia,2020,,2.6,,,,,
dataflow,ESTAT:TRNG_LFSE_01(1.0),Participation rate in education and training (last 4 weeks),A,Annual,PC,Percentage,T,Total,Y25-74,From 25 to 74 years,HR,Croatia,2021,,4.3,,b,break in time series,,
dataflow,ESTAT:TRNG_LFSE_01(1.0),Participation rate in education and training (last 4 weeks),A,Annual,PC,Percentage,T,Total,Y25-74,From 25 to 74 years,HR,Croatia,2022,,4.0,,,,,
dataflow,ESTAT:TRNG_LFSE_01(1.0),Participation rate in education and training (last 4 weeks),A,Annual,PC,Percentage,T,Total,Y25-74,From 25 to 74 years,HR,Croatia,2023,,5.2,,,,,
dataflow,ESTAT:TRNG_LFSE_01(1.0),Participation rate in education and training (last 4 weeks),A,Annual,PC,Percentage,T,Total,Y25-74,From 25 to 74 years,HR,Croatia,2024,,5.3,,,,,
dataflow,ESTAT:TRNG_LFSE_01(1.0),Participation rate in education and training (last 4 weeks),A,Annual,PC,Percentage,T,Total,Y25-74,From 25 to 74 years,HU,Hungary,2015,,6.1,,b,break in time series,,
dataflow,ESTAT:TRNG_LFSE_01(1.0),Participation rate in education and training (last 4 weeks),A,Annual,PC,Percentage,T,Total,Y25-74,From 25 to 74 years,HU,Hungary,2016,,5.4,,,,,
dataflow,ESTAT:TRNG_LFSE_01(1.0),Participation rate in education and training (last 4 weeks),A,Annual,PC,Percentage,T,Total,Y25-74,From 25 to 74 years,HU,Hungary,2017,,5.2,,,,,
dataflow,ESTAT:TRNG_LFSE_01(1.0),Participation rate in education and training (last 4 weeks),A,Annual,PC,Percentage,T,Total,Y25-74,From 25 to 74 years,HU,Hungary,2018,,5.1,,b,break in time series,,
dataflow,ESTAT:TRNG_LFSE_01(1.0),Participation rate in education and training (last 4 weeks),A,Annual,PC,Percentage,T,Total,Y25-74,From 25 to 74 years,HU,Hungary,2019,,4.9,,,,,
dataflow,ESTAT:TRNG_LFSE_01(1.0),Participation rate in education and training (last 4 weeks),A,Annual,PC,Percentage,T,Total,Y25-74,From 25 to 74 years,HU,Hungary,2020,,4.2,,,,,
dataflow,ESTAT:TRNG_LFSE_01(1.0),Participation rate in education and training (last 4 weeks),A,Annual,PC,Percentage,T,Total,Y25-74,From 25 to 74 years,HU,Hungary,2021,,4.9,,b,break in time series,,
dataflow,ESTAT:TRNG_LFSE_01(1.0),Participation rate in education and training (last 4 weeks),A,Annual,PC,Percentage,T,Total,Y25-74,From 25 to 74 years,HU,Hungary,2022,,6.7,,,,,
dataflow,ESTAT:TRNG_LFSE_01(1.0),Participation rate in education and training (last 4 weeks),A,Annual,PC,Percentage,T,Total,Y25-74,From 25 to 74 years,HU,Hungary,2023,,8.0,,,,,
dataflow,ESTAT:TRNG_LFSE_01(1.0),Participation rate in education and training (last 4 weeks),A,Annual,PC,Percentage,T,Total,Y25-74,From 25 to 74 years,HU,Hungary,2024,,9.9,,,,,
dataflow,ESTAT:TRNG_LFSE_01(1.0),Participation rate in education and training (last 4 weeks),A,Annual,PC,Percentage,T,Total,Y25-74,From 25 to 74 years,IE,Ireland,2015,,5.9,,,,,
dataflow,ESTAT:TRNG_LFSE_01(1.0),Participation rate in education and training (last 4 weeks),A,Annual,PC,Percentage,T,Total,Y25-74,From 25 to 74 years,IE,Ireland,2016,,5.9,,,,,
dataflow,ESTAT:TRNG_LFSE_01(1.0),Participation rate in education and training (last 4 weeks),A,Annual,PC,Percentage,T,Total,Y25-74,From 25 to 74 years,IE,Ireland,2017,,8.2,,b,break in time series,,
dataflow,ESTAT:TRNG_LFSE_01(1.0),Participation rate in education and training (last 4 weeks),A,Annual,PC,Percentage,T,Total,Y25-74,From 25 to 74 years,IE,Ireland,2018,,11.6,,,,,
dataflow,ESTAT:TRNG_LFSE_01(1.0),Participation rate in education and training (last 4 weeks),A,Annual,PC,Percentage,T,Total,Y25-74,From 25 to 74 years,IE,Ireland,2019,,11.7,,,,,
dataflow,ESTAT:TRNG_LFSE_01(1.0),Participation rate in education and training (last 4 weeks),A,Annual,PC,Percentage,T,Total,Y25-74,From 25 to 74 years,IE,Ireland,2020,,10.0,,,,,
dataflow,ESTAT:TRNG_LFSE_01(1.0),Participation rate in education and training (last 4 weeks),A,Annual,PC,Percentage,T,Total,Y25-74,From 25 to 74 years,IE,Ireland,2021,,12.3,,b,break in time series,,
dataflow,ESTAT:TRNG_LFSE_01(1.0),Participation rate in education and training (last 4 weeks),A,Annual,PC,Percentage,T,Total,Y25-74,From 25 to 74 years,IE,Ireland,2022,,10.8,,,,,
dataflow,ESTAT:TRNG_LFSE_01(1.0),Participation rate in education and training (last 4 weeks),A,Annual,PC,Percentage,T,Total,Y25-74,From 25 to 74 years,IE,Ireland,2023,,11.3,,,,,
dataflow,ESTAT:TRNG_LFSE_01(1.0),Participation rate in education and training (last 4 weeks),A,Annual,PC,Percentage,T,Total,Y25-74,From 25 to 74 years,IE,Ireland,2024,,13.6,,b,break in time series,,
dataflow,ESTAT:TRNG_LFSE_01(1.0),Participation rate in education and training (last 4 weeks),A,Annual,PC,Percentage,T,Total,Y25-74,From 25 to 74 years,IS,Iceland,2015,,25.6,,,,,
dataflow,ESTAT:TRNG_LFSE_01(1.0),Participation rate in education and training (last 4 weeks),A,Annual,PC,Percentage,T,Total,Y25-74,From 25 to 74 years,IS,Iceland,2016,,22.5,,,,,
dataflow,ESTAT:TRNG_LFSE_01(1.0),Participation rate in education and training (last 4 weeks),A,Annual,PC,Percentage,T,Total,Y25-74,From 25 to 74 years,IS,Iceland,2017,,21.4,,,,,
dataflow,ESTAT:TRNG_LFSE_01(1.0),Participation rate in education and training (last 4 weeks),A,Annual,PC,Percentage,T,Total,Y25-74,From 25 to 74 years,IS,Iceland,2018,,19.6,,,,,
dataflow,ESTAT:TRNG_LFSE_01(1.0),Participation rate in education and training (last 4 weeks),A,Annual,PC,Percentage,T,Total,Y25-74,From 25 to 74 years,IS,Iceland,2019,,20.1,,,,,
dataflow,ESTAT:TRNG_LFSE_01(1.0),Participation rate in education and training (last 4 weeks),A,Annual,PC,Percentage,T,Total,Y25-74,From 25 to 74 years,IS,Iceland,2020,,18.4,,b,break in time series,,
dataflow,ESTAT:TRNG_LFSE_01(1.0),Participation rate in education and training (last 4 weeks),A,Annual,PC,Percentage,T,Total,Y25-74,From 25 to 74 years,IS,Iceland,2021,,21.6,,b,break in time series,,
dataflow,ESTAT:TRNG_LFSE_01(1.0),Participation rate in education and training (last 4 weeks),A,Annual,PC,Percentage,T,Total,Y25-74,From 25 to 74 years,IS,Iceland,2022,,24.6,,,,,
dataflow,ESTAT:TRNG_LFSE_01(1.0),Participation rate in education and training (last 4 weeks),A,Annual,PC,Percentage,T,Total,Y25-74,From 25 to 74 years,IS,Iceland,2023,,23.9,,,,,
dataflow,ESTAT:TRNG_LFSE_01(1.0),Participation rate in education and training (last 4 weeks),A,Annual,PC,Percentage,T,Total,Y25-74,From 25 to 74 years,IS,Iceland,2024,,25.0,,,,,
dataflow,ESTAT:TRNG_LFSE_01(1.0),Participation rate in education and training (last 4 weeks),A,Annual,PC,Percentage,T,Total,Y25-74,From 25 to 74 years,IT,Italy,2015,,6.4,,,,,
dataflow,ESTAT:TRNG_LFSE_01(1.0),Participation rate in education and training (last 4 weeks),A,Annual,PC,Percentage,T,Total,Y25-74,From 25 to 74 years,IT,Italy,2016,,7.2,,,,,
dataflow,ESTAT:TRNG_LFSE_01(1.0),Participation rate in education and training (last 4 weeks),A,Annual,PC,Percentage,T,Total,Y25-74,From 25 to 74 years,IT,Italy,2017,,6.9,,,,,
dataflow,ESTAT:TRNG_LFSE_01(1.0),Participation rate in education and training (last 4 weeks),A,Annual,PC,Percentage,T,Total,Y25-74,From 25 to 74 years,IT,Italy,2018,,7.1,,b,break in time series,,
dataflow,ESTAT:TRNG_LFSE_01(1.0),Participation rate in education and training (last 4 weeks),A,Annual,PC,Percentage,T,Total,Y25-74,From 25 to 74 years,IT,Italy,2019,,7.1,,,,,
dataflow,ESTAT:TRNG_LFSE_01(1.0),Participation rate in education and training (last 4 weeks),A,Annual,PC,Percentage,T,Total,Y25-74,From 25 to 74 years,IT,Italy,2020,,6.1,,,,,
dataflow,ESTAT:TRNG_LFSE_01(1.0),Participation rate in education and training (last 4 weeks),A,Annual,PC,Percentage,T,Total,Y25-74,From 25 to 74 years,IT,Italy,2021,,8.4,,b,break in time series,,
dataflow,ESTAT:TRNG_LFSE_01(1.0),Participation rate in education and training (last 4 weeks),A,Annual,PC,Percentage,T,Total,Y25-74,From 25 to 74 years,IT,Italy,2022,,8.3,,,,,
dataflow,ESTAT:TRNG_LFSE_01(1.0),Participation rate in education and training (last 4 weeks),A,Annual,PC,Percentage,T,Total,Y25-74,From 25 to 74 years,IT,Italy,2023,,10.0,,,,,
dataflow,ESTAT:TRNG_LFSE_01(1.0),Participation rate in education and training (last 4 weeks),A,Annual,PC,Percentage,T,Total,Y25-74,From 25 to 74 years,IT,Italy,2024,,9.0,,,,,
dataflow,ESTAT:TRNG_LFSE_01(1.0),Participation rate in education and training (last 4 weeks),A,Annual,PC,Percentage,T,Total,Y25-74,From 25 to 74 years,LT,Lithuania,2015,,5.1,,,,,
dataflow,ESTAT:TRNG_LFSE_01(1.0),Participation rate in education and training (last 4 weeks),A,Annual,PC,Percentage,T,Total,Y25-74,From 25 to 74 years,LT,Lithuania,2016,,5.2,,,,,
dataflow,ESTAT:TRNG_LFSE_01(1.0),Participation rate in education and training (last 4 weeks),A,Annual,PC,Percentage,T,Total,Y25-74,From 25 to 74 years,LT,Lithuania,2017,,5.2,,,,,
dataflow,ESTAT:TRNG_LFSE_01(1.0),Participation rate in education and training (last 4 weeks),A,Annual,PC,Percentage,T,Total,Y25-74,From 25 to 74 years,LT,Lithuania,2018,,5.9,,,,,
dataflow,ESTAT:TRNG_LFSE_01(1.0),Participation rate in education and training (last 4 weeks),A,Annual,PC,Percentage,T,Total,Y25-74,From 25 to 74 years,LT,Lithuania,2019,,6.3,,,,,
dataflow,ESTAT:TRNG_LFSE_01(1.0),Participation rate in education and training (last 4 weeks),A,Annual,PC,Percentage,T,Total,Y25-74,From 25 to 74 years,LT,Lithuania,2020,,6.3,,,,,
dataflow,ESTAT:TRNG_LFSE_01(1.0),Participation rate in education and training (last 4 weeks),A,Annual,PC,Percentage,T,Total,Y25-74,From 25 to 74 years,LT,Lithuania,2021,,7.4,,b,break in time series,,
dataflow,ESTAT:TRNG_LFSE_01(1.0),Participation rate in education and training (last 4 weeks),A,Annual,PC,Percentage,T,Total,Y25-74,From 25 to 74 years,LT,Lithuania,2022,,7.5,,,,,
dataflow,ESTAT:TRNG_LFSE_01(1.0),Participation rate in education and training (last 4 weeks),A,Annual,PC,Percentage,T,Total,Y25-74,From 25 to 74 years,LT,Lithuania,2023,,9.5,,,,,
dataflow,ESTAT:TRNG_LFSE_01(1.0),Participation rate in education and training (last 4 weeks),A,Annual,PC,Percentage,T,Total,Y25-74,From 25 to 74 years,LT,Lithuania,2024,,8.6,,,,,
dataflow,ESTAT:TRNG_LFSE_01(1.0),Participation rate in education and training (last 4 weeks),A,Annual,PC,Percentage,T,Total,Y25-74,From 25 to 74 years,LU,Luxembourg,2015,,16.4,,b,break in time series,,
dataflow,ESTAT:TRNG_LFSE_01(1.0),Participation rate in education and training (last 4 weeks),A,Annual,PC,Percentage,T,Total,Y25-74,From 25 to 74 years,LU,Luxembourg,2016,,15.4,,,,,
dataflow,ESTAT:TRNG_LFSE_01(1.0),Participation rate in education and training (last 4 weeks),A,Annual,PC,Percentage,T,Total,Y25-74,From 25 to 74 years,LU,Luxembourg,2017,,15.5,,,,,
dataflow,ESTAT:TRNG_LFSE_01(1.0),Participation rate in education and training (last 4 weeks),A,Annual,PC,Percentage,T,Total,Y25-74,From 25 to 74 years,LU,Luxembourg,2018,,16.3,,,,,
dataflow,ESTAT:TRNG_LFSE_01(1.0),Participation rate in education and training (last 4 weeks),A,Annual,PC,Percentage,T,Total,Y25-74,From 25 to 74 years,LU,Luxembourg,2019,,17.2,,,,,
dataflow,ESTAT:TRNG_LFSE_01(1.0),Participation rate in education and training (last 4 weeks),A,Annual,PC,Percentage,T,Total,Y25-74,From 25 to 74 years,LU,Luxembourg,2020,,14.6,,,,,
dataflow,ESTAT:TRNG_LFSE_01(1.0),Participation rate in education and training (last 4 weeks),A,Annual,PC,Percentage,T,Total,Y25-74,From 25 to 74 years,LU,Luxembourg,2021,,17.9,,bu,"break in time series, low reliability",,
dataflow,ESTAT:TRNG_LFSE_01(1.0),Participation rate in education and training (last 4 weeks),A,Annual,PC,Percentage,T,Total,Y25-74,From 25 to 74 years,LU,Luxembourg,2022,,17.3,,u,low reliability,,
dataflow,ESTAT:TRNG_LFSE_01(1.0),Participation rate in education and training (last 4 weeks),A,Annual,PC,Percentage,T,Total,Y25-74,From 25 to 74 years,LU,Luxembourg,2023,,14.6,,,,,
dataflow,ESTAT:TRNG_LFSE_01(1.0),Participation rate in education and training (last 4 weeks),A,Annual,PC,Percentage,T,Total,Y25-74,From 25 to 74 years,LU,Luxembourg,2024,,15.6,,,,,
dataflow,ESTAT:TRNG_LFSE_01(1.0),Participation rate in education and training (last 4 weeks),A,Annual,PC,Percentage,T,Total,Y25-74,From 25 to 74 years,LV,Latvia,2015,,4.9,,,,,
dataflow,ESTAT:TRNG_LFSE_01(1.0),Participation rate in education and training (last 4 weeks),A,Annual,PC,Percentage,T,Total,Y25-74,From 25 to 74 years,LV,Latvia,2016,,6.4,,,,,
dataflow,ESTAT:TRNG_LFSE_01(1.0),Participation rate in education and training (last 4 weeks),A,Annual,PC,Percentage,T,Total,Y25-74,From 25 to 74 years,LV,Latvia,2017,,6.4,,,,,
dataflow,ESTAT:TRNG_LFSE_01(1.0),Participation rate in education and training (last 4 weeks),A,Annual,PC,Percentage,T,Total,Y25-74,From 25 to 74 years,LV,Latvia,2018,,5.7,,,,,
dataflow,ESTAT:TRNG_LFSE_01(1.0),Participation rate in education and training (last 4 weeks),A,Annual,PC,Percentage,T,Total,Y25-74,From 25 to 74 years,LV,Latvia,2019,,6.3,,,,,
dataflow,ESTAT:TRNG_LFSE_01(1.0),Participation rate in education and training (last 4 weeks),A,Annual,PC,Percentage,T,Total,Y25-74,From 25 to 74 years,LV,Latvia,2020,,5.7,,,,,
dataflow,ESTAT:TRNG_LFSE_01(1.0),Participation rate in education and training (last 4 weeks),A,Annual,PC,Percentage,T,Total,Y25-74,From 25 to 74 years,LV,Latvia,2021,,7.3,,b,break in time series,,
dataflow,ESTAT:TRNG_LFSE_01(1.0),Participation rate in education and training (last 4 weeks),A,Annual,PC,Percentage,T,Total,Y25-74,From 25 to 74 years,LV,Latvia,2022,,8.2,,,,,
dataflow,ESTAT:TRNG_LFSE_01(1.0),Participation rate in education and training (last 4 weeks),A,Annual,PC,Percentage,T,Total,Y25-74,From 25 to 74 years,LV,Latvia,2023,,9.2,,,,,
dataflow,ESTAT:TRNG_LFSE_01(1.0),Participation rate in education and training (last 4 weeks),A,Annual,PC,Percentage,T,Total,Y25-74,From 25 to 74 years,LV,Latvia,2024,,9.5,,,,,
dataflow,ESTAT:TRNG_LFSE_01(1.0),Participation rate in education and training (last 4 weeks),A,Annual,PC,Percentage,T,Total,Y25-74,From 25 to 74 years,ME,Montenegro,2015,,2.6,,,,,
dataflow,ESTAT:TRNG_LFSE_01(1.0),Participation rate in education and training (last 4 weeks),A,Annual,PC,Percentage,T,Total,Y25-74,From 25 to 74 years,ME,Montenegro,2016,,2.9,,,,,
dataflow,ESTAT:TRNG_LFSE_01(1.0),Participation rate in education and training (last 4 weeks),A,Annual,PC,Percentage,T,Total,Y25-74,From 25 to 74 years,ME,Montenegro,2017,,2.5,,,,,
dataflow,ESTAT:TRNG_LFSE_01(1.0),Participation rate in education and training (last 4 weeks),A,Annual,PC,Percentage,T,Total,Y25-74,From 25 to 74 years,ME,Montenegro,2018,,2.8,,,,,
dataflow,ESTAT:TRNG_LFSE_01(1.0),Participation rate in education and training (last 4 weeks),A,Annual,PC,Percentage,T,Total,Y25-74,From 25 to 74 years,ME,Montenegro,2019,,2.2,,,,,
dataflow,ESTAT:TRNG_LFSE_01(1.0),Participation rate in education and training (last 4 weeks),A,Annual,PC,Percentage,T,Total,Y25-74,From 25 to 74 years,ME,Montenegro,2020,,2.4,,,,,
dataflow,ESTAT:TRNG_LFSE_01(1.0),Participation rate in education and training (last 4 weeks),A,Annual,PC,Percentage,T,Total,Y25-74,From 25 to 74 years,MK,North Macedonia,2015,,2.3,,,,,
dataflow,ESTAT:TRNG_LFSE_01(1.0),Participation rate in education and training (last 4 weeks),A,Annual,PC,Percentage,T,Total,Y25-74,From 25 to 74 years,MK,North Macedonia,2016,,2.5,,,,,
dataflow,ESTAT:TRNG_LFSE_01(1.0),Participation rate in education and training (last 4 weeks),A,Annual,PC,Percentage,T,Total,Y25-74,From 25 to 74 years,MK,North Macedonia,2017,,2.0,,,,,
dataflow,ESTAT:TRNG_LFSE_01(1.0),Participation rate in education and training (last 4 weeks),A,Annual,PC,Percentage,T,Total,Y25-74,From 25 to 74 years,MK,North Macedonia,2018,,2.0,,,,,
dataflow,ESTAT:TRNG_LFSE_01(1.0),Participation rate in education and training (last 4 weeks),A,Annual,PC,Percentage,T,Total,Y25-74,From 25 to 74 years,MK,North Macedonia,2019,,2.4,,,,,
dataflow,ESTAT:TRNG_LFSE_01(1.0),Participation rate in education and training (last 4 weeks),A,Annual,PC,Percentage,T,Total,Y25-74,From 25 to 74 years,MK,North Macedonia,2020,,2.3,,,,,
dataflow,ESTAT:TRNG_LFSE_01(1.0),Participation rate in education and training (last 4 weeks),A,Annual,PC,Percentage,T,Total,Y25-74,From 25 to 74 years,MT,Malta,2015,,6.4,,,,,
dataflow,ESTAT:TRNG_LFSE_01(1.0),Participation rate in education and training (last 4 weeks),A,Annual,PC,Percentage,T,Total,Y25-74,From 25 to 74 years,MT,Malta,2016,,6.9,,,,,
dataflow,ESTAT:TRNG_LFSE_01(1.0),Participation rate in education and training (last 4 weeks),A,Annual,PC,Percentage,T,Total,Y25-74,From 25 to 74 years,MT,Malta,2017,,9.3,,b,break in time series,,
dataflow,ESTAT:TRNG_LFSE_01(1.0),Participation rate in education and training (last 4 weeks),A,Annual,PC,Percentage,T,Total,Y25-74,From 25 to 74 years,MT,Malta,2018,,9.5,,,,,
dataflow,ESTAT:TRNG_LFSE_01(1.0),Participation rate in education and training (last 4 weeks),A,Annual,PC,Percentage,T,Total,Y25-74,From 25 to 74 years,MT,Malta,2019,,10.3,,,,,
dataflow,ESTAT:TRNG_LFSE_01(1.0),Participation rate in education and training (last 4 weeks),A,Annual,PC,Percentage,T,Total,Y25-74,From 25 to 74 years,MT,Malta,2020,,9.4,,,,,
dataflow,ESTAT:TRNG_LFSE_01(1.0),Participation rate in education and training (last 4 weeks),A,Annual,PC,Percentage,T,Total,Y25-74,From 25 to 74 years,MT,Malta,2021,,12.0,,b,break in time series,,
dataflow,ESTAT:TRNG_LFSE_01(1.0),Participation rate in education and training (last 4 weeks),A,Annual,PC,Percentage,T,Total,Y25-74,From 25 to 74 years,MT,Malta,2022,,11.4,,,,,
dataflow,ESTAT:TRNG_LFSE_01(1.0),Participation rate in education and training (last 4 weeks),A,Annual,PC,Percentage,T,Total,Y25-74,From 25 to 74 years,MT,Malta,2023,,14.5,,,,,
dataflow,ESTAT:TRNG_LFSE_01(1.0),Participation rate in education and training (last 4 weeks),A,Annual,PC,Percentage,T,Total,Y25-74,From 25 to 74 years,MT,Malta,2024,,16.3,,,,,
dataflow,ESTAT:TRNG_LFSE_01(1.0),Participation rate in education and training (last 4 weeks),A,Annual,PC,Percentage,T,Total,Y25-74,From 25 to 74 years,NL,Netherlands,2015,,16.5,,,,,
dataflow,ESTAT:TRNG_LFSE_01(1.0),Participation rate in education and training (last 4 weeks),A,Annual,PC,Percentage,T,Total,Y25-74,From 25 to 74 years,NL,Netherlands,2016,,16.4,,,,,
dataflow,ESTAT:TRNG_LFSE_01(1.0),Participation rate in education and training (last 4 weeks),A,Annual,PC,Percentage,T,Total,Y25-74,From 25 to 74 years,NL,Netherlands,2017,,16.6,,,,,
dataflow,ESTAT:TRNG_LFSE_01(1.0),Participation rate in education and training (last 4 weeks),A,Annual,PC,Percentage,T,Total,Y25-74,From 25 to 74 years,NL,Netherlands,2018,,16.6,,,,,
dataflow,ESTAT:TRNG_LFSE_01(1.0),Participation rate in education and training (last 4 weeks),A,Annual,PC,Percentage,T,Total,Y25-74,From 25 to 74 years,NL,Netherlands,2019,,16.9,,,,,
dataflow,ESTAT:TRNG_LFSE_01(1.0),Participation rate in education and training (last 4 weeks),A,Annual,PC,Percentage,T,Total,Y25-74,From 25 to 74 years,NL,Netherlands,2020,,16.2,,,,,
dataflow,ESTAT:TRNG_LFSE_01(1.0),Participation rate in education and training (last 4 weeks),A,Annual,PC,Percentage,T,Total,Y25-74,From 25 to 74 years,NL,Netherlands,2021,,23.2,,b,break in time series,,
dataflow,ESTAT:TRNG_LFSE_01(1.0),Participation rate in education and training (last 4 weeks),A,Annual,PC,Percentage,T,Total,Y25-74,From 25 to 74 years,NL,Netherlands,2022,,23.0,,,,,
dataflow,ESTAT:TRNG_LFSE_01(1.0),Participation rate in education and training (last 4 weeks),A,Annual,PC,Percentage,T,Total,Y25-74,From 25 to 74 years,NL,Netherlands,2023,,23.2,,,,,
dataflow,ESTAT:TRNG_LFSE_01(1.0),Participation rate in education and training (last 4 weeks),A,Annual,PC,Percentage,T,Total,Y25-74,From 25 to 74 years,NL,Netherlands,2024,,23.3,,,,,
dataflow,ESTAT:TRNG_LFSE_01(1.0),Participation rate in education and training (last 4 weeks),A,Annual,PC,Percentage,T,Total,Y25-74,From 25 to 74 years,NO,Norway,2015,,18.7,,,,,
dataflow,ESTAT:TRNG_LFSE_01(1.0),Participation rate in education and training (last 4 weeks),A,Annual,PC,Percentage,T,Total,Y25-74,From 25 to 74 years,NO,Norway,2016,,18.2,,,,,
dataflow,ESTAT:TRNG_LFSE_01(1.0),Participation rate in education and training (last 4 weeks),A,Annual,PC,Percentage,T,Total,Y25-74,From 25 to 74 years,NO,Norway,2017,,18.5,,,,,
dataflow,ESTAT:TRNG_LFSE_01(1.0),Participation rate in education and training (last 4 weeks),A,Annual,PC,Percentage,T,Total,Y25-74,From 25 to 74 years,NO,Norway,2018,,18.3,,,,,
dataflow,ESTAT:TRNG_LFSE_01(1.0),Participation rate in education and training (last 4 weeks),A,Annual,PC,Percentage,T,Total,Y25-74,From 25 to 74 years,NO,Norway,2019,,17.9,,,,,
dataflow,ESTAT:TRNG_LFSE_01(1.0),Participation rate in education and training (last 4 weeks),A,Annual,PC,Percentage,T,Total,Y25-74,From 25 to 74 years,NO,Norway,2020,,15.1,,,,,
dataflow,ESTAT:TRNG_LFSE_01(1.0),Participation rate in education and training (last 4 weeks),A,Annual,PC,Percentage,T,Total,Y25-74,From 25 to 74 years,NO,Norway,2021,,17.0,,b,break in time series,,
dataflow,ESTAT:TRNG_LFSE_01(1.0),Participation rate in education and training (last 4 weeks),A,Annual,PC,Percentage,T,Total,Y25-74,From 25 to 74 years,NO,Norway,2022,,18.3,,,,,
dataflow,ESTAT:TRNG_LFSE_01(1.0),Participation rate in education and training (last 4 weeks),A,Annual,PC,Percentage,T,Total,Y25-74,From 25 to 74 years,NO,Norway,2023,,19.2,,,,,
dataflow,ESTAT:TRNG_LFSE_01(1.0),Participation rate in education and training (last 4 weeks),A,Annual,PC,Percentage,T,Total,Y25-74,From 25 to 74 years,NO,Norway,2024,,19.7,,,,,
dataflow,ESTAT:TRNG_LFSE_01(1.0),Participation rate in education and training (last 4 weeks),A,Annual,PC,Percentage,T,Total,Y25-74,From 25 to 74 years,PL,Poland,2015,,3.1,,,,,
dataflow,ESTAT:TRNG_LFSE_01(1.0),Participation rate in education and training (last 4 weeks),A,Annual,PC,Percentage,T,Total,Y25-74,From 25 to 74 years,PL,Poland,2016,,3.3,,,,,
dataflow,ESTAT:TRNG_LFSE_01(1.0),Participation rate in education and training (last 4 weeks),A,Annual,PC,Percentage,T,Total,Y25-74,From 25 to 74 years,PL,Poland,2017,,3.5,,,,,
dataflow,ESTAT:TRNG_LFSE_01(1.0),Participation rate in education and training (last 4 weeks),A,Annual,PC,Percentage,T,Total,Y25-74,From 25 to 74 years,PL,Poland,2018,,5.0,,b,break in time series,,
dataflow,ESTAT:TRNG_LFSE_01(1.0),Participation rate in education and training (last 4 weeks),A,Annual,PC,Percentage,T,Total,Y25-74,From 25 to 74 years,PL,Poland,2019,,4.3,,b,break in time series,,
dataflow,ESTAT:TRNG_LFSE_01(1.0),Participation rate in education and training (last 4 weeks),A,Annual,PC,Percentage,T,Total,Y25-74,From 25 to 74 years,PL,Poland,2020,,3.2,,,,,
dataflow,ESTAT:TRNG_LFSE_01(1.0),Participation rate in education and training (last 4 weeks),A,Annual,PC,Percentage,T,Total,Y25-74,From 25 to 74 years,PL,Poland,2021,,4.7,,b,break in time series,,
dataflow,ESTAT:TRNG_LFSE_01(1.0),Participation rate in education and training (last 4 weeks),A,Annual,PC,Percentage,T,Total,Y25-74,From 25 to 74 years,PL,Poland,2022,,6.5,,,,,
dataflow,ESTAT:TRNG_LFSE_01(1.0),Participation rate in education and training (last 4 weeks),A,Annual,PC,Percentage,T,Total,Y25-74,From 25 to 74 years,PL,Poland,2023,,7.4,,,,,
dataflow,ESTAT:TRNG_LFSE_01(1.0),Participation rate in education and training (last 4 weeks),A,Annual,PC,Percentage,T,Total,Y25-74,From 25 to 74 years,PL,Poland,2024,,8.4,,,,,
dataflow,ESTAT:TRNG_LFSE_01(1.0),Participation rate in education and training (last 4 weeks),A,Annual,PC,Percentage,T,Total,Y25-74,From 25 to 74 years,PT,Portugal,2015,,8.6,,,,,
dataflow,ESTAT:TRNG_LFSE_01(1.0),Participation rate in education and training (last 4 weeks),A,Annual,PC,Percentage,T,Total,Y25-74,From 25 to 74 years,PT,Portugal,2016,,8.5,,,,,
dataflow,ESTAT:TRNG_LFSE_01(1.0),Participation rate in education and training (last 4 weeks),A,Annual,PC,Percentage,T,Total,Y25-74,From 25 to 74 years,PT,Portugal,2017,,8.6,,,,,
dataflow,ESTAT:TRNG_LFSE_01(1.0),Participation rate in education and training (last 4 weeks),A,Annual,PC,Percentage,T,Total,Y25-74,From 25 to 74 years,PT,Portugal,2018,,8.9,,,,,
dataflow,ESTAT:TRNG_LFSE_01(1.0),Participation rate in education and training (last 4 weeks),A,Annual,PC,Percentage,T,Total,Y25-74,From 25 to 74 years,PT,Portugal,2019,,9.1,,,,,
dataflow,ESTAT:TRNG_LFSE_01(1.0),Participation rate in education and training (last 4 weeks),A,Annual,PC,Percentage,T,Total,Y25-74,From 25 to 74 years,PT,Portugal,2020,,8.3,,,,,
dataflow,ESTAT:TRNG_LFSE_01(1.0),Participation rate in education and training (last 4 weeks),A,Annual,PC,Percentage,T,Total,Y25-74,From 25 to 74 years,PT,Portugal,2021,,10.4,,b,break in time series,,
dataflow,ESTAT:TRNG_LFSE_01(1.0),Participation rate in education and training (last 4 weeks),A,Annual,PC,Percentage,T,Total,Y25-74,From 25 to 74 years,PT,Portugal,2022,,11.3,,,,,
dataflow,ESTAT:TRNG_LFSE_01(1.0),Participation rate in education and training (last 4 weeks),A,Annual,PC,Percentage,T,Total,Y25-74,From 25 to 74 years,PT,Portugal,2023,,11.3,,,,,
dataflow,ESTAT:TRNG_LFSE_01(1.0),Participation rate in education and training (last 4 weeks),A,Annual,PC,Percentage,T,Total,Y25-74,From 25 to 74 years,PT,Portugal,2024,,13.7,,,,,
dataflow,ESTAT:TRNG_LFSE_01(1.0),Participation rate in education and training (last 4 weeks),A,Annual,PC,Percentage,T,Total,Y25-74,From 25 to 74 years,RO,Romania,2015,,1.1,,,,,
dataflow,ESTAT:TRNG_LFSE_01(1.0),Participation rate in education and training (last 4 weeks),A,Annual,PC,Percentage,T,Total,Y25-74,From 25 to 74 years,RO,Romania,2016,,1.0,,,,,
dataflow,ESTAT:TRNG_LFSE_01(1.0),Participation rate in education and training (last 4 weeks),A,Annual,PC,Percentage,T,Total,Y25-74,From 25 to 74 years,RO,Romania,2017,,0.9,,,,,
dataflow,ESTAT:TRNG_LFSE_01(1.0),Participation rate in education and training (last 4 weeks),A,Annual,PC,Percentage,T,Total,Y25-74,From 25 to 74 years,RO,Romania,2018,,0.8,,,,,
dataflow,ESTAT:TRNG_LFSE_01(1.0),Participation rate in education and training (last 4 weeks),A,Annual,PC,Percentage,T,Total,Y25-74,From 25 to 74 years,RO,Romania,2019,,1.1,,,,,
dataflow,ESTAT:TRNG_LFSE_01(1.0),Participation rate in education and training (last 4 weeks),A,Annual,PC,Percentage,T,Total,Y25-74,From 25 to 74 years,RO,Romania,2020,,0.9,,,,,
dataflow,ESTAT:TRNG_LFSE_01(1.0),Participation rate in education and training (last 4 weeks),A,Annual,PC,Percentage,T,Total,Y25-74,From 25 to 74 years,RO,Romania,2021,,4.1,,b,break in time series,,
dataflow,ESTAT:TRNG_LFSE_01(1.0),Participation rate in education and training (last 4 weeks),A,Annual,PC,Percentage,T,Total,Y25-74,From 25 to 74 years,RO,Romania,2022,,4.5,,,,,
dataflow,ESTAT:TRNG_LFSE_01(1.0),Participation rate in education and training (last 4 weeks),A,Annual,PC,Percentage,T,Total,Y25-74,From 25 to 74 years,RO,Romania,2023,,5.4,,,,,
dataflow,ESTAT:TRNG_LFSE_01(1.0),Participation rate in education and training (last 4 weeks),A,Annual,PC,Percentage,T,Total,Y25-74,From 25 to 74 years,RO,Romania,2024,,7.3,,,,,
dataflow,ESTAT:TRNG_LFSE_01(1.0),Participation rate in education and training (last 4 weeks),A,Annual,PC,Percentage,T,Total,Y25-74,From 25 to 74 years,RS,Serbia,2015,,4.0,,,,,
dataflow,ESTAT:TRNG_LFSE_01(1.0),Participation rate in education and training (last 4 weeks),A,Annual,PC,Percentage,T,Total,Y25-74,From 25 to 74 years,RS,Serbia,2016,,4.3,,,,,
dataflow,ESTAT:TRNG_LFSE_01(1.0),Participation rate in education and training (last 4 weeks),A,Annual,PC,Percentage,T,Total,Y25-74,From 25 to 74 years,RS,Serbia,2017,,3.6,,,,,
dataflow,ESTAT:TRNG_LFSE_01(1.0),Participation rate in education and training (last 4 weeks),A,Annual,PC,Percentage,T,Total,Y25-74,From 25 to 74 years,RS,Serbia,2018,,3.4,,,,,
dataflow,ESTAT:TRNG_LFSE_01(1.0),Participation rate in education and training (last 4 weeks),A,Annual,PC,Percentage,T,Total,Y25-74,From 25 to 74 years,RS,Serbia,2019,,3.5,,,,,
dataflow,ESTAT:TRNG_LFSE_01(1.0),Participation rate in education and training (last 4 weeks),A,Annual,PC,Percentage,T,Total,Y25-74,From 25 to 74 years,RS,Serbia,2020,,3.0,,,,,
dataflow,ESTAT:TRNG_LFSE_01(1.0),Participation rate in education and training (last 4 weeks),A,Annual,PC,Percentage,T,Total,Y25-74,From 25 to 74 years,RS,Serbia,2021,,3.8,,b,break in time series,,
dataflow,ESTAT:TRNG_LFSE_01(1.0),Participation rate in education and training (last 4 weeks),A,Annual,PC,Percentage,T,Total,Y25-74,From 25 to 74 years,RS,Serbia,2022,,4.1,,,,,
dataflow,ESTAT:TRNG_LFSE_01(1.0),Participation rate in education and training (last 4 weeks),A,Annual,PC,Percentage,T,Total,Y25-74,From 25 to 74 years,RS,Serbia,2023,,4.8,,,,,
dataflow,ESTAT:TRNG_LFSE_01(1.0),Participation rate in education and training (last 4 weeks),A,Annual,PC,Percentage,T,Total,Y25-74,From 25 to 74 years,RS,Serbia,2024,,4.4,,,,,
dataflow,ESTAT:TRNG_LFSE_01(1.0),Participation rate in education and training (last 4 weeks),A,Annual,PC,Percentage,T,Total,Y25-74,From 25 to 74 years,SE,Sweden,2015,,27.0,,,,,
dataflow,ESTAT:TRNG_LFSE_01(1.0),Participation rate in education and training (last 4 weeks),A,Annual,PC,Percentage,T,Total,Y25-74,From 25 to 74 years,SE,Sweden,2016,,26.9,,,,,
dataflow,ESTAT:TRNG_LFSE_01(1.0),Participation rate in education and training (last 4 weeks),A,Annual,PC,Percentage,T,Total,Y25-74,From 25 to 74 years,SE,Sweden,2017,,27.8,,,,,
dataflow,ESTAT:TRNG_LFSE_01(1.0),Participation rate in education and training (last 4 weeks),A,Annual,PC,Percentage,T,Total,Y25-74,From 25 to 74 years,SE,Sweden,2018,,28.9,,b,break in time series,,
dataflow,ESTAT:TRNG_LFSE_01(1.0),Participation rate in education and training (last 4 weeks),A,Annual,PC,Percentage,T,Total,Y25-74,From 25 to 74 years,SE,Sweden,2019,,31.8,,,,,
dataflow,ESTAT:TRNG_LFSE_01(1.0),Participation rate in education and training (last 4 weeks),A,Annual,PC,Percentage,T,Total,Y25-74,From 25 to 74 years,SE,Sweden,2020,,25.9,,,,,
dataflow,ESTAT:TRNG_LFSE_01(1.0),Participation rate in education and training (last 4 weeks),A,Annual,PC,Percentage,T,Total,Y25-74,From 25 to 74 years,SE,Sweden,2021,,30.7,,b,break in time series,,
dataflow,ESTAT:TRNG_LFSE_01(1.0),Participation rate in education and training (last 4 weeks),A,Annual,PC,Percentage,T,Total,Y25-74,From 25 to 74 years,SE,Sweden,2022,,32.7,,,,,
dataflow,ESTAT:TRNG_LFSE_01(1.0),Participation rate in education and training (last 4 weeks),A,Annual,PC,Percentage,T,Total,Y25-74,From 25 to 74 years,SE,Sweden,2023,,35.6,,,,,
dataflow,ESTAT:TRNG_LFSE_01(1.0),Participation rate in education and training (last 4 weeks),A,Annual,PC,Percentage,T,Total,Y25-74,From 25 to 74 years,SE,Sweden,2024,,34.5,,,,,
dataflow,ESTAT:TRNG_LFSE_01(1.0),Participation rate in education and training (last 4 weeks),A,Annual,PC,Percentage,T,Total,Y25-74,From 25 to 74 years,SI,Slovenia,2015,,10.7,,,,,
dataflow,ESTAT:TRNG_LFSE_01(1.0),Participation rate in education and training (last 4 weeks),A,Annual,PC,Percentage,T,Total,Y25-74,From 25 to 74 years,SI,Slovenia,2016,,10.4,,,,,
dataflow,ESTAT:TRNG_LFSE_01(1.0),Participation rate in education and training (last 4 weeks),A,Annual,PC,Percentage,T,Total,Y25-74,From 25 to 74 years,SI,Slovenia,2017,,10.7,,,,,
dataflow,ESTAT:TRNG_LFSE_01(1.0),Participation rate in education and training (last 4 weeks),A,Annual,PC,Percentage,T,Total,Y25-74,From 25 to 74 years,SI,Slovenia,2018,,10.2,,,,,
dataflow,ESTAT:TRNG_LFSE_01(1.0),Participation rate in education and training (last 4 weeks),A,Annual,PC,Percentage,T,Total,Y25-74,From 25 to 74 years,SI,Slovenia,2019,,10.0,,,,,
dataflow,ESTAT:TRNG_LFSE_01(1.0),Participation rate in education and training (last 4 weeks),A,Annual,PC,Percentage,T,Total,Y25-74,From 25 to 74 years,SI,Slovenia,2020,,7.3,,,,,
dataflow,ESTAT:TRNG_LFSE_01(1.0),Participation rate in education and training (last 4 weeks),A,Annual,PC,Percentage,T,Total,Y25-74,From 25 to 74 years,SI,Slovenia,2021,,16.4,,b,break in time series,,
dataflow,ESTAT:TRNG_LFSE_01(1.0),Participation rate in education and training (last 4 weeks),A,Annual,PC,Percentage,T,Total,Y25-74,From 25 to 74 years,SI,Slovenia,2022,,19.5,,,,,
dataflow,ESTAT:TRNG_LFSE_01(1.0),Participation rate in education and training (last 4 weeks),A,Annual,PC,Percentage,T,Total,Y25-74,From 25 to 74 years,SI,Slovenia,2023,,17.6,,b,break in time series,,
dataflow,ESTAT:TRNG_LFSE_01(1.0),Participation rate in education and training (last 4 weeks),A,Annual,PC,Percentage,T,Total,Y25-74,From 25 to 74 years,SI,Slovenia,2024,,20.6,,,,,
dataflow,ESTAT:TRNG_LFSE_01(1.0),Participation rate in education and training (last 4 weeks),A,Annual,PC,Percentage,T,Total,Y25-74,From 25 to 74 years,SK,Slovakia,2015,,2.7,,,,,
dataflow,ESTAT:TRNG_LFSE_01(1.0),Participation rate in education and training (last 4 weeks),A,Annual,PC,Percentage,T,Total,Y25-74,From 25 to 74 years,SK,Slovakia,2016,,2.6,,,,,
dataflow,ESTAT:TRNG_LFSE_01(1.0),Participation rate in education and training (last 4 weeks),A,Annual,PC,Percentage,T,Total,Y25-74,From 25 to 74 years,SK,Slovakia,2017,,3.0,,,,,
dataflow,ESTAT:TRNG_LFSE_01(1.0),Participation rate in education and training (last 4 weeks),A,Annual,PC,Percentage,T,Total,Y25-74,From 25 to 74 years,SK,Slovakia,2018,,3.5,,,,,
dataflow,ESTAT:TRNG_LFSE_01(1.0),Participation rate in education and training (last 4 weeks),A,Annual,PC,Percentage,T,Total,Y25-74,From 25 to 74 years,SK,Slovakia,2019,,3.2,,,,,
dataflow,ESTAT:TRNG_LFSE_01(1.0),Participation rate in education and training (last 4 weeks),A,Annual,PC,Percentage,T,Total,Y25-74,From 25 to 74 years,SK,Slovakia,2020,,2.4,,,,,
dataflow,ESTAT:TRNG_LFSE_01(1.0),Participation rate in education and training (last 4 weeks),A,Annual,PC,Percentage,T,Total,Y25-74,From 25 to 74 years,SK,Slovakia,2021,,4.1,,b,break in time series,,
dataflow,ESTAT:TRNG_LFSE_01(1.0),Participation rate in education and training (last 4 weeks),A,Annual,PC,Percentage,T,Total,Y25-74,From 25 to 74 years,SK,Slovakia,2022,,10.9,,b,break in time series,,
dataflow,ESTAT:TRNG_LFSE_01(1.0),Participation rate in education and training (last 4 weeks),A,Annual,PC,Percentage,T,Total,Y25-74,From 25 to 74 years,SK,Slovakia,2023,,8.9,,,,,
dataflow,ESTAT:TRNG_LFSE_01(1.0),Participation rate in education and training (last 4 weeks),A,Annual,PC,Percentage,T,Total,Y25-74,From 25 to 74 years,SK,Slovakia,2024,,10.9,,,,,
dataflow,ESTAT:TRNG_LFSE_01(1.0),Participation rate in education and training (last 4 weeks),A,Annual,PC,Percentage,T,Total,Y25-74,From 25 to 74 years,TR,Türkiye,2015,,5.0,,,,,
dataflow,ESTAT:TRNG_LFSE_01(1.0),Participation rate in education and training (last 4 weeks),A,Annual,PC,Percentage,T,Total,Y25-74,From 25 to 74 years,TR,Türkiye,2016,,5.3,,,,,
dataflow,ESTAT:TRNG_LFSE_01(1.0),Participation rate in education and training (last 4 weeks),A,Annual,PC,Percentage,T,Total,Y25-74,From 25 to 74 years,TR,Türkiye,2017,,5.3,,,,,
dataflow,ESTAT:TRNG_LFSE_01(1.0),Participation rate in education and training (last 4 weeks),A,Annual,PC,Percentage,T,Total,Y25-74,From 25 to 74 years,TR,Türkiye,2018,,5.6,,,,,
dataflow,ESTAT:TRNG_LFSE_01(1.0),Participation rate in education and training (last 4 weeks),A,Annual,PC,Percentage,T,Total,Y25-74,From 25 to 74 years,TR,Türkiye,2019,,5.1,,,,,
dataflow,ESTAT:TRNG_LFSE_01(1.0),Participation rate in education and training (last 4 weeks),A,Annual,PC,Percentage,T,Total,Y25-74,From 25 to 74 years,TR,Türkiye,2020,,5.2,,,,,
dataflow,ESTAT:TRNG_LFSE_01(1.0),Participation rate in education and training (last 4 weeks),A,Annual,PC,Percentage,T,Total,Y25-74,From 25 to 74 years,TR,Türkiye,2021,,5.8,,b,break in time series,,
dataflow,ESTAT:TRNG_LFSE_01(1.0),Participation rate in education and training (last 4 weeks),A,Annual,PC,Percentage,T,Total,Y25-74,From 25 to 74 years,TR,Türkiye,2022,,6.0,,,,,
dataflow,ESTAT:TRNG_LFSE_01(1.0),Participation rate in education and training (last 4 weeks),A,Annual,PC,Percentage,T,Total,Y25-74,From 25 to 74 years,TR,Türkiye,2023,,6.7,,,,,
dataflow,ESTAT:TRNG_LFSE_01(1.0),Participation rate in education and training (last 4 weeks),A,Annual,PC,Percentage,T,Total,Y25-74,From 25 to 74 years,TR,Türkiye,2024,,7.2,,,,,
dataflow,ESTAT:TRNG_LFSE_01(1.0),Participation rate in education and training (last 4 weeks),A,Annual,PC,Percentage,T,Total,Y25-74,From 25 to 74 years,UK,United Kingdom,2015,,14.3,,,,,
dataflow,ESTAT:TRNG_LFSE_01(1.0),Participation rate in education and training (last 4 weeks),A,Annual,PC,Percentage,T,Total,Y25-74,From 25 to 74 years,UK,United Kingdom,2016,,12.9,,,,,
dataflow,ESTAT:TRNG_LFSE_01(1.0),Participation rate in education and training (last 4 weeks),A,Annual,PC,Percentage,T,Total,Y25-74,From 25 to 74 years,UK,United Kingdom,2017,,12.8,,,,,
dataflow,ESTAT:TRNG_LFSE_01(1.0),Participation rate in education and training (last 4 weeks),A,Annual,PC,Percentage,T,Total,Y25-74,From 25 to 74 years,UK,United Kingdom,2018,,13.1,,,,,
dataflow,ESTAT:TRNG_LFSE_01(1.0),Participation rate in education and training (last 4 weeks),A,Annual,PC,Percentage,T,Total,Y25-74,From 25 to 74 years,UK,United Kingdom,2019,,13.3,,,,,
